employee_id,name
1,Paul Kelley
2,Alyssa Rios
3,Rachel Kerr
4,Nicholas Mcmahon
5,David Harrington
6,Julie Tucker
7,Veronica Wilkerson
8,Elizabeth Andrews
9,Alan Marshall
10,Jack Cook
11,Paul Hernandez
12,David Roberts
13,Natalie Lopez
14,Sara Herrera
15,Frederick Mays
16,Kelly Roberts
17,Taylor Cowan
18,Jose Herman
19,Kendra Maldonado
20,John Guzman
21,Elizabeth Watson
22,Michael Kelley
23,Brian Nicholson
24,Christopher Baker
25,Robert Murray
26,Crystal Mclaughlin
27,Gregory Beck
28,Mindy Adams
29,Kayla Clark
30,Dr. David Thompson
31,Johnathan Hahn
32,Amanda Thomas
33,Monica Jensen
34,Matthew Wilkins MD
35,Hannah Ramirez
36,Nicholas Johnson
37,Brent Fitzpatrick
38,Janice Graves
39,Christian Villarreal
40,Samuel Mendoza
41,Robert Miller
42,Paul Gonzalez
43,Harold Campbell
44,Robert Fisher
45,Noah Soto
46,Julie Cantu MD
47,Craig Evans
48,Robert Robinson
49,Vicki Morgan
50,Leonard Jimenez
51,Stephanie Powell DDS
52,Raymond Davis
53,Christopher Hall
54,Michael Wright
55,Robin Allison
56,Danielle Juarez
57,Gregory Davis
58,Hannah Smith
59,Suzanne Powers
60,Sara Edwards
61,Stacy Reynolds
62,Michael Little
63,Jimmy Martinez
64,Cheryl Robinson
65,Stacey Ayala
66,Ronnie Tucker
67,Jonathan Keller
68,Brenda Knight
69,Steven Henry
70,Brenda Estes
71,Pamela Jacobson
72,Keith Ford
73,Kristina Perez
74,Rebecca Escobar
75,William Martin
76,Ian Mullins
77,Stephanie Green
78,Stephen Casey
79,James Howard
80,Mitchell Perez
81,Sherri Jensen
82,Carla Calhoun
83,James Foster
84,Mary Harris
85,Joseph Cook
86,Nichole Parks
87,Bill Rodriguez
88,Mary Roberts
89,Paul Smith
90,Christian Lowe
91,Jeanette Everett
92,Anthony Jones
93,Dr. Michael Hunt PhD
94,William Blackburn
95,Michael Myers
96,William Martinez
97,William White
98,Rachel Jones
99,Patricia Richardson
100,Julie Castillo
101,Marcus Mckay
102,Michelle Johnson
103,Wayne Daniels
104,Danielle Roberts
105,Wayne Greene
106,Sonya Long
107,Kenneth Simmons
108,Kimberly Gray
109,Kristin Pierce
110,Debbie Rivera
111,Kristin Harris
112,Veronica Aguilar
113,Peggy Walker
114,Laura Arnold
115,Robert Owen
116,Mariah Reyes MD
117,Kimberly Lawrence
118,Mrs. Michelle Hale
119,Joseph Brown
120,Philip Acevedo
121,Debra Juarez
122,Timothy Herring
123,Cody Kelly
124,Nicholas Miller
125,Tammy Mcclain
126,Timothy Gardner
127,William Gomez
128,Melissa Stevenson
129,Suzanne Thompson
130,Kelly King
131,Joseph Shepherd
132,Philip Jackson
133,Traci Clark
134,Michael Wilson
135,Ricardo West
136,Rachel Sullivan
137,Angela James
138,Jessica Francis
139,Christopher Campos
140,Alison Mccann
141,Ashley Hernandez
142,Alyssa Lang
143,Cheryl English
144,Nicholas Steele
145,Shaun Deleon
146,Amber Levine
147,Lindsay Smith
148,Gabrielle Parsons
149,Thomas Wilson
150,Anne Matthews
151,Kimberly Friedman
152,Amanda Riley
153,Patricia Cannon
154,Samantha Lee
155,Samantha Davis
156,Mark Cisneros
157,Gary Sexton
158,Erica Pope
159,Jeffrey Moore
160,Joshua Wells
161,Ian Kim Jr.
162,Lori Robinson
163,Cheryl Brown
164,Jennifer Morris
165,Daniel Gross
166,Edward Wright
167,Tara Murray
168,Cory Collins
169,Danielle Williamson
170,Brandy Swanson
171,John Montgomery
172,Mary Smith
173,Sarah Holmes
174,Veronica Young
175,Paula Christensen
176,Natalie Mitchell
177,Kelly Ewing
178,Adam Booth
179,Shawn Coleman
180,Mary Raymond
181,James Kemp
182,Tanner Moyer
183,Brittany Alexander
184,Barry Torres
185,Alice Meyer
186,Melissa Baxter
187,Michael Johnson
188,Thomas Davis
189,Audrey Williams
190,Suzanne Johnson
191,Anna Smith
192,Juan Dixon
193,Robert Smith
194,Michael Mcfarland
195,Lori Mcdonald
196,Jonathan Murillo
197,Scott Freeman
198,Stuart Harrington
199,Joseph Barnett
200,Anthony Robinson
201,Marc Gutierrez
202,Mitchell Dorsey
203,Heather Miller
204,Renee Watson
205,Tammy Carter
206,Steven White
207,Kristi Richardson
208,Jean Lopez
209,Becky Lawson
210,Kim Thompson
211,Leslie Rivera
212,John Moreno
213,Sarah Ho
214,Brenda Anderson
215,Savannah Bond
216,Donna Bush
217,Frank Calderon
218,David Chapman
219,Darren Sanders
220,Hannah Smith
221,Jennifer Dyer
222,Justin Alvarez
223,John Fitzpatrick
224,Cody Wilson
225,Jermaine Turner
226,Robert Anderson
227,Meagan Richards
228,Jennifer Gordon
229,Julie Rodriguez
230,Kathryn Scott
231,Christina Barnett
232,Elizabeth Mcneil
233,Erin Mcclain
234,Trevor Turner
235,Jessica Farrell
236,Seth Mccall
237,Lisa Hogan
238,Elizabeth Hudson
239,Samantha Miller
240,Benjamin Daniel
241,Jason Fuentes
242,Michelle Ortiz
243,Ruth Smith
244,Raymond Jackson
245,Virginia Short
246,Nicholas Smith
247,Denise Jenkins
248,Kimberly Ross
249,Deanna Ross
250,Jason Meyer
251,Vicki Hernandez
252,Richard Taylor
253,Melissa Bray
254,Michelle Griffin
255,Mrs. Donna Hall
256,James Dominguez Jr.
257,Alexander Johnson
258,Isaiah Campos
259,Patrick Alvarado
260,Erika Vasquez
261,Kristin Norman
262,Rebecca King
263,Dr. William Murphy PhD
264,Brenda Thompson
265,Shelby Dunn
266,Susan Faulkner
267,Mrs. Stephanie Hendricks
268,Kimberly Thomas
269,Kimberly Sullivan
270,Travis Gross
271,Jason Bernard
272,Grant Malone
273,Jerome Carpenter
274,Nicholas Dunn
275,Michael Chaney
276,Michael Larson
277,Samantha Wilkerson
278,Tammy Wyatt
279,Martin Gray
280,Aaron Turner
281,Corey Torres
282,Raymond Owens
283,Donna Stevens
284,Ronald Aguirre
285,Richard White
286,Maria Wade
287,David Parker
288,Richard Bishop
289,Mariah Smith
290,Cheryl Reynolds
291,Jennifer Moore
292,Mr. Caleb Collier
293,Gina Wood
294,Miguel Casey
295,Robert Jones
296,Christine Freeman
297,Randall Fletcher
298,Corey Miller
299,Renee Palmer
300,Carlos Spencer
301,Matthew Ray
302,Mary Booker
303,Mark Glover
304,Matthew Moyer
305,William Nichols
306,Nancy Sanchez
307,Robert Baker
308,Susan Freeman
309,Christopher Ward
310,Bruce Howard
311,Sarah Miles
312,Yolanda Edwards
313,John Williams
314,Stephen Soto
315,Robert Taylor
316,Andrew Wilson
317,Edwin Guzman
318,Andrew Huff
319,Amber Blake
320,Kenneth Townsend
321,Wendy Monroe
322,Monica Powers
323,Noah Pena DDS
324,Howard Campbell
325,Arthur Robertson
326,Jesus Jensen
327,Roberto Peterson
328,John Brown
329,Kristina Roy
330,Joseph Ward
331,Teresa Ray
332,Seth Dickerson
333,John Knight
334,Jesse Nixon
335,Nicholas Santiago
336,Timothy Horton
337,James Spencer
338,Kayla Riley
339,Sherri Stone
340,Leslie Thomas
341,Crystal Goodman
342,Lisa Gonzales
343,Crystal Shaffer
344,Kerry Stevens
345,Sean Payne
346,Stacy Murphy
347,Jordan Raymond
348,Victoria Porter
349,Jason Jones
350,Troy Lopez
351,Shannon Hobbs
352,Angela Williams
353,Chad Day
354,Aaron Pace
355,Marcus Olsen
356,Dale Simpson
357,Matthew Mccoy
358,Shawn Bridges DDS
359,Charles Barajas
360,Larry Lester
361,Laura Ortiz
362,Michael Vance
363,Angela Summers
364,Peter Bishop
365,Denise Jones
366,David Wallace
367,Robert Luna
368,Richard Maynard
369,Danielle Dickerson
370,Roger Miller
371,Mr. Jeremiah Nelson Jr.
372,Charles Hawkins
373,Tracy Perez
374,Edwin Marks
375,Bridget Valentine
376,Stephanie Phillips
377,Kayla Huff
378,Leslie Rodriguez MD
379,Sara Dickerson
380,Jessica Taylor
381,Robert Watts
382,Jennifer Miller
383,Ronald Martin
384,Tiffany Estrada
385,Rachael Quinn
386,Matthew Burch
387,Douglas Johnson
388,Nancy Marshall
389,Chad Bennett
390,Maria Hicks
391,Donald Lee
392,Alan Alexander
393,Eric Warner
394,Amanda Stewart
395,Eric Sparks
396,Charles Chang
397,Cynthia Rivers
398,Christina Cochran
399,Mr. Peter Gonzalez
400,Colin Lewis
401,Vincent Atkins
402,Margaret Tran
403,April Taylor
404,Jeremy Martinez
405,Wendy Miller
406,Brittany Manning
407,Patricia Thomas
408,Samantha Armstrong
409,Brian Green
410,Eugene Mendoza
411,Pamela Myers
412,Sarah Ochoa
413,Billy Murphy
414,Michael Kelly
415,Adam Hines
416,Tyler Kemp
417,Christopher Walls
418,Kimberly Lowery
419,Jessica Jackson
420,Joseph Steele
421,Jessica Ward
422,Sheila King
423,Kevin Zimmerman
424,Calvin Matthews
425,Sharon King
426,David Larson
427,Walter Jones
428,Patricia Palmer
429,Heather Webb
430,Rebecca Vargas
431,Tammy White
432,Victoria Woodard
433,Paul Knapp Jr.
434,Jordan Davis
435,Christie Cox
436,Teresa Castro
437,Evelyn Sutton
438,Sandra Melendez
439,Emily Barnes
440,Jessica Mueller
441,Lucas Greer MD
442,Patricia Brewer
443,Jessica Reilly
444,Thomas Walker
445,Elizabeth Bryant
446,Hailey Vargas
447,Benjamin Smith
448,Danielle Gray
449,Catherine Golden
450,David Robertson
451,Kristin Martin
452,Jeffrey Bernard
453,Wendy Gallegos
454,Samuel Chen
455,Scott Sanders
456,Kimberly Woodard
457,Laura Garcia
458,Ariana Ingram
459,Kevin Kennedy
460,Ms. Karen Wright
461,Anna Browning
462,Geoffrey Gonzalez
463,Tanner Smith
464,Andrew Rivera
465,Michael Ross
466,Alicia Wilson
467,Christopher Obrien
468,Randy Baker
469,Laura Dennis
470,Melinda Reilly
471,Daniel Tyler
472,Kimberly Burch
473,Lee Holmes
474,Jason Carter
475,Kenneth James
476,Shelby King DVM
477,Matthew Mays
478,Lauren Morales
479,Tammy Taylor
480,Tina Ortega
481,Marie Horne
482,Steven Neal
483,Bryan Wagner
484,Vickie Thompson
485,William Le
486,Dr. Michael Dodson
487,Michael Scott
488,Erika Arias
489,Amanda Jensen
490,Jamie Rogers
491,Christopher Thompson
492,Sarah Ramirez
493,Barry Cross
494,Rachel Hughes
495,Brenda Cortez
496,Tanya Elliott
497,Michael Young
498,Melissa Li
499,Michael Cain
500,Dylan Jordan
501,Joseph Duran
502,Paula Cunningham
503,Monica Anderson
504,Julie Henry
505,Kristin Brown
506,Denise Howell
507,Sharon Thompson
508,Kelsey Russell
509,Heather King
510,Kayla Lewis
511,Rachel Carney
512,Tammy Roberts
513,Dr. Sonya Hudson
514,Gary Morales
515,Abigail Hayes
516,Anthony Houston
517,Mary Yates
518,Catherine Bernard
519,Alexander Allison
520,Mary Hill
521,Wayne Beck
522,Kenneth Richards
523,Stephanie Whitaker
524,Christina Weber
525,Scott Nelson
526,Travis Kelley
527,Tammy Williams
528,James Davis
529,Gene Weber
530,Marvin Fletcher
531,Dylan Strickland
532,Tara Rose
533,Timothy Austin
534,Brianna Brennan
535,Joshua Meyers
536,Karen Nguyen
537,Jason Luna
538,Ryan Delacruz
539,Brenda Lucas DDS
540,Adam Smith
541,Deborah Mata
542,Mark Smith
543,Julia Collins
544,Brianna Anderson
545,Brittany Manning
546,Jasmine Brown
547,Robert Webb
548,Richard Brown
549,Robert Young
550,Thomas Lawson
551,Erika Brown
552,Julia Farmer
553,Kevin Allen
554,Monique Pena
555,Brittany Vaughan
556,Jonathan Davis
557,Thomas Pruitt
558,Bryan Barnett
559,Nichole Shelton
560,Joseph Thompson
561,Craig Collins
562,Erik Freeman
563,Michelle Martin
564,Autumn Rios
565,Matthew Carter
566,Alexis Lawson
567,Jerry Brown
568,Sandra Hamilton
569,Samuel Harris
570,Dana Cannon
571,Holly Lopez
572,Anthony Porter
573,Lisa Sanchez
574,Leah Thomas
575,Ronald Anderson
576,Chris Jones
577,Bridget Watson
578,Julia Brooks
579,Kimberly Robinson
580,Lisa Russell
581,Kevin Donaldson
582,Andrea Garcia
583,Thomas Little
584,Justin Gomez
585,Jessica Collins
586,Monique Dominguez
587,Noah Weaver
588,Jay Moreno
589,Richard Barajas
590,Melissa Anderson
591,Jason Mathews
592,Carlos Smith
593,Wayne Lawrence
594,Dalton Cruz
595,Sarah Estrada
596,Mr. Michael Phillips
597,Travis Gates
598,Christian Bauer
599,Joshua Pena
600,Christine Proctor
601,Sharon Mendoza
602,Kristin Richardson
603,Jeremy Bright
604,Beverly Gibson
605,Jesse Oneill
606,Jo Schwartz
607,John Young
608,George Thomas
609,Jacob Hall
610,Maria Rodriguez
611,Michael King
612,Karen Jones
613,Robert Kim
614,Mario Roth
615,Rebecca Phillips
616,Michelle Rhodes
617,Richard Burns
618,Heather Brown
619,Michelle Robinson
620,Cameron Martinez
621,Joseph Cox
622,Stephen Ford
623,Ricardo Wilkins
624,Robert Zimmerman
625,Chad Hunt
626,Cynthia Ashley
627,Cheyenne Garcia
628,Paul Boyer
629,George Johnson
630,Hannah Myers
631,Teresa Andrade
632,Jodi Francis
633,David Garza
634,Dana Austin
635,Carrie Kelly
636,Lisa Scott
637,Jennifer Martinez
638,Stephanie Cruz
639,Stephen Juarez
640,Vanessa Diaz
641,Mark Martin
642,Claudia Gonzalez
643,Nicholas Walters
644,Amanda Walker
645,Nichole Murphy
646,Elizabeth Chapman
647,Adam Herrera
648,Melissa Martinez
649,Tony Herrera
650,Christina Martinez
651,Mario Sanders
652,Alexa Lee
653,Robert Parrish
654,Angela Key
655,Shannon Martinez
656,Alyssa Cummings
657,Madison Dalton
658,Ann Vargas
659,Alisha Wells
660,Sheila Gibson
661,Joshua Aguilar
662,Robert Miller
663,Edward Long
664,Maria Rivera
665,Hunter Mcintyre
666,Kendra Aguilar
667,Scott Conner
668,George Bradley
669,Joshua Holmes
670,James Hart
671,Diana Christensen
672,Tyler Morse
673,Stephanie Jones
674,Victoria Armstrong
675,Keith Gates
676,Sandra Huff
677,Wanda Garcia
678,Carla Jackson
679,Nicole Obrien
680,Elizabeth Miller
681,Ralph Meyer
682,Richard Orozco
683,Ariel Taylor
684,Raymond Edwards
685,Matthew Reese
686,Trevor Winters
687,Tracy Zamora
688,Dawn Miller
689,Valerie Khan
690,Wayne Murray
691,Christina Khan
692,Amanda Carroll
693,Brandon Martinez
694,Chloe Castillo
695,Amanda Wright
696,Susan Taylor
697,Jeremy Anderson
698,Jessica Richardson
699,Rachel Robles
700,Jose Shelton
701,Destiny Hayes
702,Bruce Little
703,Mark Cline
704,Daniel Olson
705,Mark Butler
706,Jesus Coleman
707,Charles Lopez
708,Alec Robinson
709,Theresa Arroyo
710,Christian Lang
711,Hunter Vazquez
712,Grant Freeman
713,Virginia Matthews
714,Jennifer Kelly
715,John Garcia
716,Jeremy Middleton
717,Scott Cunningham
718,Taylor Torres
719,Wendy Diaz
720,Beverly Small
721,Samantha Giles
722,Olivia Dodson
723,Martha Hess
724,Erika Holt
725,Amy Bell
726,Elizabeth Herring
727,Tyler Melton
728,James Holmes
729,Joseph Cobb
730,Julie Smith
731,Susan Wallace
732,Paul Young
733,Alyssa Swanson
734,Olivia Hopkins
735,Patricia Sharp
736,Kelly Morris
737,Wyatt Chung
738,Sarah Smith
739,Stacie Riddle
740,William Aguilar
741,James Kelley
742,James Hardy
743,Dennis Fitzgerald
744,Jamie Palmer
745,William West
746,Raymond Delacruz
747,Eric Smith
748,Alyssa Nguyen
749,Vanessa Martin
750,Jane Thornton
751,Michael Powell
752,Kevin Bowman
753,Kevin Gutierrez
754,Samantha Vasquez
755,Michael Gill
756,Veronica Velasquez
757,Michelle Juarez
758,David Castaneda
759,Amy Jones
760,Adam Valdez
761,Tiffany Cross
762,Charles Lindsey
763,Nicholas Newton
764,Jesse Miller
765,Brian Palmer
766,Carrie Martinez
767,Austin Dixon
768,Cheryl Stewart
769,James Robinson
770,John Gutierrez
771,Debra Porter
772,Chase Anderson
773,Gabriella Thompson
774,Tamara Rios
775,Nicholas Parker
776,Sarah Collins
777,Linda Richards
778,Joan Davis
779,Kelli Phillips
780,Melissa Evans
781,Breanna Lewis
782,David Bailey
783,Philip Norris
784,Henry Mora
785,Alexis Fitzgerald
786,William Johnson
787,Steven Ferrell
788,Benjamin Montgomery
789,Kimberly Christian
790,Danielle House
791,Nathan Whitney
792,Cory Williams
793,Michaela Parks DVM
794,Joseph Gomez
795,James Gallagher
796,Jordan Nelson
797,Cynthia Brown
798,John Moss
799,Amber Morgan
800,Brandon Robinson
801,Randall Gray
802,Curtis Castillo
803,Judith Wilson
804,Anna Richards
805,Nicholas Walker
806,Kevin Adams
807,Lucas Roberts
808,John Hernandez
809,Christopher Silva
810,Michael Myers
811,Vincent Watts
812,Eric Richardson
813,Henry Stone
814,Samuel Rhodes
815,Karen Gordon
816,George Miller
817,Timothy Smith
818,Justin Hester
819,Barbara Saunders
820,Thomas Bonilla
821,Joseph Higgins
822,Steven Perez
823,Dustin Arellano
824,Cheryl Maynard
825,Jesse Reed
826,Paul Nichols
827,David Adams
828,Robert King
829,Olivia Tucker
830,Monica Gomez
831,Jason Anderson
832,Angela Werner
833,Grant Davis
834,Angela Williamson
835,Tracie Davis
836,Daniel Shannon
837,Jeffrey Silva
838,Ashley Ruiz
839,Dale Barrera
840,Jeffrey Lee
841,Paula Smith
842,Jeffrey Johnson
843,Rachel Steele
844,Alyssa Martin
845,Taylor Taylor
846,Michelle Frederick
847,Jessica Smith
848,Robert Haas
849,Emily Lynch
850,Angela Gibson
851,Meagan Castro
852,Kenneth Rivas
853,Donald Watkins
854,Amanda Cardenas
855,Michelle Johnson
856,Kevin Brown
857,Rebecca Johnson
858,Justin Brown
859,David Russell
860,Scott Morris
861,David Perez
862,Michael Schmidt
863,Pamela Bryan
864,Michael Brandt
865,Christopher Parsons
866,Matthew Kline
867,Ethan Robinson
868,Jimmy Blake
869,Karen Allen
870,Anne Potts
871,James Thomas
872,Tom Hicks
873,David Nunez
874,Paula Dunlap
875,Michael Morrison
876,Hannah Jackson
877,Kevin Holt
878,Mr. Eric Floyd
879,Aaron Boyer
880,Jennifer Morris
881,Tonya Curry
882,Erin Fox
883,Henry Gray
884,Karen Garcia
885,Jessica Bradley
886,Clifford Sanchez
887,Christopher Hernandez
888,Isaac Greer
889,Andre Riley
890,Karla Watson
891,Michael Kim
892,Angela Bailey
893,Steven Jones
894,John Doyle
895,Nathaniel Barr
896,Courtney Mcdaniel
897,Kyle Andrews
898,Nicole Jenkins
899,David Thomas
900,Kaylee Morton
901,Dawn Webster
902,Robin Ramos
903,Lauren Lutz
904,Lisa Clark
905,Amber Mills
906,Lisa Hayes
907,Steven Thomas
908,John Thompson
909,Katherine Sharp
910,Cynthia Alvarez
911,Brian Jones
912,Michelle Smith
913,Harold Lee
914,Janet Conway
915,Dawn Bishop
916,Amy Moreno
917,Vincent House
918,Samuel Khan
919,Patricia Holden
920,Phillip Anderson
921,Claudia Rich
922,Paul Parker
923,Tommy Edwards
924,Dillon Williams
925,Valerie Blanchard
926,Jeanne Clark
927,Nicole Ramirez
928,Arthur Faulkner
929,Margaret Richards
930,Kenneth Buchanan
931,Daniel Tucker
932,Cody Hopkins
933,Timothy Strong
934,Devin Rice
935,Jennifer Cook
936,William Williams
937,Heather Brown
938,Joshua Carroll
939,Richard Rodriguez
940,Christopher Underwood
941,Catherine Barron
942,Stephanie Gonzalez
943,Thomas Pierce
944,Crystal Jarvis
945,John Reed
946,Paul Gonzales
947,Brandon Chang DVM
948,Bryan Young
949,Willie Simpson
950,Kelly Baker
951,Lisa Graham
952,Casey Walker
953,Mallory Zavala
954,Rachel Mcgrath
955,Sarah Henry
956,Kimberly Moore DVM
957,Kristen Arellano
958,Aaron Thomas
959,Joseph Martinez
960,Evan Washington
961,Mr. Daniel Warren
962,Bobby Cameron
963,Douglas Goodwin
964,Richard Stevens
965,Michael Taylor
966,Wayne Jones
967,Corey Robinson MD
968,Tammy Fleming
969,Samuel Morris
970,Michael Wagner
971,Jacqueline Yang
972,Sherry Sandoval
973,Jamie Hudson
974,Kara Burnett
975,Anthony Diaz
976,Natasha Hancock
977,Jason Keller
978,Sharon Smith
979,William Bullock
980,Jamie Scott
981,Laura Gonzales
982,Marissa Henry
983,Jessica Foster
984,Patrick Jenkins
985,Scott Carter
986,Joseph Davis
987,Tanya Myers
988,Anthony Hernandez
989,Anthony Evans
990,Alexis Barr
991,Maria Smith
992,Ashley Patrick
993,Mark Ryan
994,Matthew Miller
995,Joshua Chase
996,Ronald Haley
997,Elizabeth Williams
998,Brittany Delacruz
999,Joseph Williams MD
1000,Jeffery Miller
1001,Dr. Crystal Woods
1002,Gary Brandt
1003,Bethany Reed
1004,Jason Stuart
1005,Sarah Pruitt
1006,Eric Jackson
1007,Dr. Monique Brown MD
1008,Megan Hoffman
1009,Daniel Cook
1010,Herbert Blanchard
1011,Amber Luna
1012,Frank Weaver
1013,Evelyn West
1014,Brittany Mckay
1015,Justin Parker
1016,Brian Wilkinson
1017,Christina Morgan
1018,Julia Lyons
1019,Emily Moon
1020,Rebecca Montgomery
1021,Douglas Mullins
1022,John Anderson
1023,Mark Jones
1024,Katrina Cruz
1025,Carl Hines
1026,Gabriel Lowe
1027,Bailey Frazier
1028,Amber Rogers
1029,Nathan Rodgers
1030,Carol Bailey
1031,Helen Collins
1032,Heather Hughes
1033,Joshua Wood
1034,Charles Kerr
1035,Stacy Foster
1036,Benjamin Brooks
1037,Kevin Wilkins
1038,Colton Leblanc
1039,Stephen Bates
1040,Brandon Robinson
1041,Allison Conner
1042,Terry Kramer
1043,David Price
1044,James Jennings
1045,Lee Young
1046,Kevin Holmes
1047,Mercedes Martinez
1048,Justin Howe
1049,Samuel Randall
1050,Nicholas Figueroa
1051,Nicholas Buck
1052,Mark Shepherd
1053,Michaela Ramos
1054,Kendra Fuller
1055,Frank Berry
1056,Sharon Lowe
1057,Gregory Contreras
1058,Kristen Lopez
1059,David Garner
1060,Nicole Smith
1061,Jeffrey Mckenzie
1062,Craig Taylor
1063,Heather Gardner
1064,Lauren Cole
1065,Ashlee Manning
1066,Ashley Crawford
1067,Justin Ramsey
1068,Jeffery Miller
1069,Ryan Morris
1070,David Roberts
1071,Austin Johnson
1072,Michelle Santos
1073,Jessica Stein
1074,Alexandra Smith
1075,Justin Sanchez
1076,Christina Jordan
1077,Connor Hudson
1078,Daisy Santiago
1079,Philip Tyler
1080,Jose Owen
1081,Bonnie Marquez
1082,Jonathan Williams
1083,Rachel Payne
1084,Michael Lloyd
1085,Donna Guerrero
1086,Jennifer Perez
1087,Cristina Logan
1088,Deanna Evans
1089,Joseph Liu
1090,Dr. Kevin Nelson
1091,Monica Park
1092,Jeff Gonzalez
1093,Susan Baker
1094,Amanda Allen
1095,Adam Lee
1096,Sarah Mendez
1097,Michael Perez MD
1098,Erik Robinson
1099,Thomas Sharp
1100,Mark Bautista
1101,Cassandra Johnson
1102,Charles Chavez
1103,Barry Pope
1104,Kevin Singh
1105,Peter Rios
1106,Carlos Smith
1107,Philip Garcia
1108,John Carter
1109,Joanna Harris
1110,Jessica Moore
1111,Melody Carson
1112,April Long
1113,Donna Ross
1114,Mrs. Lauren Jackson
1115,Mary Ferguson
1116,Deanna Reyes
1117,Jennifer Ramos
1118,Derrick Mcdowell
1119,Benjamin Leonard
1120,Russell Brady
1121,Carlos Washington
1122,Edwin Taylor
1123,Gina Reed
1124,Joy Rodriguez
1125,Douglas Miller
1126,Ryan Good
1127,Malik Brooks
1128,William Anderson
1129,Theresa Patterson
1130,Sean Waters
1131,Jose Burns
1132,Rebecca Anthony
1133,Denise Sanchez
1134,Steven Golden
1135,John Wright
1136,Sean Bradley
1137,Michael Rice
1138,Angela Miles
1139,Michael Garza
1140,Krista Mcdonald
1141,Dylan Gilbert
1142,Nicholas Barnett
1143,Keith Schmitt
1144,Amanda George
1145,Nicole Sanders
1146,Gina Boyer
1147,Wanda Goodwin
1148,Emily Smith
1149,Dillon Berg
1150,Edwin Rose
1151,Wendy Brown
1152,Stacy Williams
1153,Justin Potts
1154,Brandi Wright
1155,Lori Torres
1156,Robin Malone
1157,Alfred Robertson
1158,Crystal Schwartz
1159,David Vincent
1160,Alexa Dyer
1161,Billy Williams
1162,Matthew Cordova
1163,Michael Gilmore
1164,Margaret Juarez
1165,Rebecca Davis
1166,Valerie Roberts
1167,Rhonda Collier
1168,Colleen Keller DVM
1169,Amy Gilbert
1170,Keith Reyes
1171,Isaac Mendez
1172,Lauren Cobb
1173,Jennifer Duncan
1174,Karen Lopez
1175,Julian Mckinney
1176,Jennifer Brown
1177,Teresa Hart
1178,Brian Foster
1179,Ashley Crawford
1180,Kim Foley
1181,Michele Hayes
1182,Andrea Ryan
1183,Richard Burke
1184,Daniel James
1185,Brittany Chapman
1186,Michael Johnson
1187,Carmen White
1188,Regina Shepherd
1189,Damon Welch
1190,Hannah Vaughn
1191,Jeffrey Sexton
1192,Joel Hall
1193,Allison Payne
1194,Michael Thomas
1195,Lauren Moore
1196,Kevin Vasquez
1197,Angela Bush
1198,Pamela Sanchez
1199,Carrie Rangel
1200,Brooke Hall
1201,Kendra Richard
1202,Rachel Sanchez
1203,Logan Sparks
1204,Brian Michael
1205,Tyler Mullins
1206,Rebecca Chambers
1207,Ernest Taylor
1208,Anthony Rivera
1209,Karen Davis
1210,Matthew Harris
1211,John Brooks
1212,Christopher Bauer
1213,Alexandra Peterson
1214,John Shaw
1215,Lindsay Bridges
1216,Mariah Ho
1217,Rebecca Evans
1218,Brian Sims
1219,Rebecca Schmidt
1220,Heather Mitchell
1221,Hannah Pierce
1222,Kathryn Garner
1223,Kimberly Hall
1224,Jean Pennington
1225,Theresa Craig
1226,Robert Paul
1227,Sean Perkins
1228,Karen Compton
1229,Steven Knox
1230,Gordon Jimenez
1231,Jamie Brewer
1232,James Graves
1233,Amanda Powell
1234,Stephen Daniels
1235,Michele Jefferson
1236,Christopher King
1237,Jason Terrell
1238,Anthony Mitchell
1239,Kevin Shannon
1240,Allison Charles
1241,Richard Mitchell
1242,Richard Phillips
1243,Carl Keller
1244,Monica Kidd
1245,Joshua Drake
1246,Harry Powers
1247,Margaret Holmes
1248,Cody Kelly
1249,Crystal Forbes
1250,Jennifer Weiss
1251,Michael Pearson
1252,Vanessa Montoya
1253,William Hale
1254,Jose Stephens
1255,Patricia Spencer
1256,Holly Lyons
1257,Savannah Powers
1258,Anna Rivera
1259,Catherine Burke
1260,Monica Ingram
1261,John Hernandez
1262,Emily Wilkins
1263,Kelly Frost
1264,Chelsea Cooper
1265,Regina Lewis
1266,Nathan Miller
1267,Austin Thompson
1268,Laura Knight
1269,Heather Jones
1270,Trevor Harmon
1271,Sierra Bailey
1272,Daniel Pennington
1273,Kathleen Palmer
1274,Angela Mcclain
1275,Steve Campbell
1276,Angela Freeman
1277,Jeffery Rojas
1278,Rita Morgan
1279,Kyle Williams
1280,Jared Miller
1281,Kimberly Lamb
1282,Laura Martinez
1283,Robert Sanchez
1284,David White
1285,William Smith
1286,Ryan Gonzales
1287,Curtis Fleming
1288,Brittany Ramos
1289,Alexander Howard
1290,Jaime Lawson
1291,Corey Rivas
1292,Alexis Lee
1293,Matthew Cruz
1294,Laura Chen
1295,Raymond Allen
1296,Timothy Crawford
1297,Edward West
1298,Amy Miller
1299,Alec Alvarez
1300,Jorge Fields
1301,Mary Lopez
1302,Levi Kirby
1303,Danielle Smith
1304,Sarah Taylor
1305,Melinda Vang
1306,Latoya Gamble
1307,Ronald Shields
1308,Shawn Rose
1309,Samantha Morris
1310,William Byrd
1311,Kayla Shah
1312,Timothy Turner
1313,Gary Phillips
1314,Kimberly Diaz
1315,John Beck
1316,Monica Brock
1317,Scott Hall
1318,Darius Madden
1319,Danielle Bowman
1320,Francisco Walker
1321,Kara Ramirez
1322,Philip Clark
1323,Albert Weber
1324,Sarah Harris
1325,Charles Green
1326,Christopher Bennett
1327,Thomas Buck
1328,Victor Lloyd
1329,Stacy Mercado
1330,Kevin Diaz
1331,Jennifer Mclean
1332,David Terrell
1333,Bradley Bowen
1334,Michael Nguyen MD
1335,Rebecca Galvan
1336,Joseph Payne
1337,Tyler Garrett
1338,Alan James
1339,Michael Chambers
1340,Bobby Hall
1341,Lauren Johnson
1342,Dennis Clayton
1343,Dawn Wilson
1344,Kristen Johnson
1345,Julia Anderson
1346,Wyatt May
1347,Samantha Dominguez
1348,Michael Love
1349,Michael Roman
1350,Scott Lloyd
1351,Margaret Whitaker
1352,Mary Curtis
1353,Monique Dudley
1354,Kristi Martin
1355,Sabrina Burns
1356,Nicole Ruiz
1357,Jessica Jordan
1358,James Lara
1359,Melvin Nunez
1360,Samuel Young
1361,Jeremy Hardin
1362,Erica Reynolds
1363,Lisa Anderson
1364,Jennifer Bennett
1365,David Gonzalez
1366,Darlene Jones
1367,Andrew Stafford
1368,Joshua Phillips
1369,Wesley Benson
1370,Lisa Alexander
1371,James Howard
1372,Stephen Knight
1373,Amber Barrett
1374,Natasha Smith
1375,Martha Russell
1376,Marissa Lewis
1377,Amber Black
1378,Joseph Shields
1379,Stephanie Macias
1380,Andrea Schultz
1381,Dr. Becky Williams PhD
1382,Sarah Fleming
1383,Jeanne Fitzgerald
1384,Gina Chavez
1385,Jonathan Harris
1386,Sara Walker
1387,Patricia Watkins
1388,Dr. Jason White DVM
1389,Brenda Santiago
1390,Kristen Hernandez
1391,Amanda Scott
1392,Kirsten Williams
1393,Morgan Nguyen
1394,William Lewis
1395,Darin Carter
1396,George Lewis
1397,Ashley Torres
1398,Lynn Foster
1399,Stephanie Vasquez
1400,Shawn Harris
1401,Danielle Sullivan
1402,Joshua Olson
1403,Anita Yang
1404,Michael Perez
1405,Julie Gilbert
1406,Morgan Cook
1407,Jessica Walker
1408,Jack Gutierrez
1409,Chelsea Jackson
1410,Mary Huang
1411,Eileen Miller
1412,Amber Avila
1413,Kimberly Francis
1414,Cynthia Nunez
1415,Courtney Medina
1416,Zachary Orozco
1417,Daniel Thompson
1418,Cody Clark
1419,Justin Tate
1420,Robin Hudson
1421,Debra James
1422,Christina Jones
1423,April Aguilar
1424,Melissa Hunt
1425,Amber Mann
1426,Sheri Miller
1427,Kim Randall
1428,John Martin
1429,Andrew Parrish
1430,Craig Hamilton
1431,Jeanette Calderon
1432,Anthony Taylor
1433,Crystal Dodson
1434,Andrew Garcia
1435,Michelle Wilkinson
1436,Joshua Hartman
1437,Brendan Walker
1438,April Park
1439,Jason Burns
1440,Jacob Stout
1441,Alyssa Leonard
1442,Madison Martin
1443,Zachary Graham Jr.
1444,Karen Macias
1445,Cheryl Herrera
1446,Debra Wolf
1447,Jennifer Holloway
1448,Daniel Larson
1449,Lori Page
1450,Beth Gilbert
1451,Rachel Dickerson
1452,Brandon York
1453,Lauren Fox DDS
1454,Cheryl Aguilar
1455,Amy Bush
1456,Sarah Miller
1457,Robert Martin
1458,Elizabeth Rodriguez
1459,Anita Watson
1460,Kayla Padilla
1461,John Hernandez
1462,Ms. Amanda Soto
1463,Scott Walsh
1464,Brittany Morgan
1465,Sheri Hanna
1466,Richard Strickland
1467,Jacob Richardson
1468,George Khan
1469,Lisa Miller
1470,Jonathan Mitchell
1471,Jennifer Reed
1472,Erica Williams
1473,Alicia Campbell
1474,Christina Meadows
1475,Lisa Sutton
1476,Stacy Jacobs
1477,Sandra Gonzalez
1478,Carlos Houston
1479,Tammy Davis
1480,Katherine Ballard
1481,Patrick Harris
1482,Robert Ramirez
1483,John Spencer
1484,Michael Smith
1485,Brian Garcia
1486,Victoria Bradford
1487,Stephanie Sanders
1488,Priscilla Jordan
1489,Tanya Martinez
1490,Kristen Rogers
1491,Joseph Jones
1492,Jacob Martinez
1493,Cynthia Tran
1494,Amber Velazquez
1495,Howard Ho
1496,Vicki Chavez
1497,Daniel Lewis
1498,Paula Barry
1499,Kelly Harrison
1500,Lauren Nichols
1501,James Reeves
1502,Brian Gregory
1503,Paul Cox
1504,Jordan Perez
1505,Lori Chandler
1506,Terri Vega
1507,Melissa Mcbride
1508,Todd Butler
1509,Lisa Shelton
1510,Mr. Robert Spence
1511,Jose Novak
1512,Kenneth Baker
1513,Nathaniel Maynard
1514,Eric Berry
1515,Kristina Kidd
1516,Deborah Wells
1517,Brenda Bryant
1518,Michael Gordon
1519,James Dennis
1520,Mallory Day
1521,Matthew Bowman
1522,Kristin Johnson
1523,Terri Franklin
1524,Mr. Vincent Wells
1525,Tom Olson
1526,Joshua Bradley
1527,Tristan Boyer
1528,Heather Tyler
1529,James Fox
1530,Joanne Cochran
1531,Heather Peck
1532,Jason Torres
1533,Samuel Carrillo
1534,Samuel Wilson
1535,Alyssa Hoover
1536,Mr. Brett Zhang III
1537,Dr. Laura Hall
1538,Sarah Campbell
1539,Michelle Dunn
1540,Heather Reeves
1541,Samuel Dixon
1542,Anthony Jones
1543,Michael Adams
1544,Edward Campbell
1545,Matthew Lozano
1546,Anthony Rivera
1547,Nancy Rivers
1548,Jill Miller
1549,Lance Ward
1550,Mrs. Karen Burgess
1551,Laura Jones
1552,Kathleen Wright
1553,Patricia Henderson
1554,Richard Hicks
1555,Emily Williams DDS
1556,Brandi Holmes
1557,Jill Baker
1558,Brittney Hernandez
1559,Jacqueline Snyder
1560,Tracy Howard
1561,Brian Franklin
1562,Patricia Mckay
1563,Rebecca Schwartz
1564,Duane Duarte
1565,Danielle Schultz DDS
1566,Jessica Hall
1567,Arthur Harvey
1568,Jaime Torres
1569,Eric Wiggins MD
1570,David Jones
1571,Anna Stephens
1572,Taylor Davis
1573,Christine Miller
1574,Sara Wood
1575,Kurt Edwards
1576,Tiffany Durham
1577,Kelly Ross
1578,Michael Alvarado
1579,Matthew Gordon
1580,Sara Mcdonald
1581,Elizabeth Berger
1582,Amanda Miller
1583,Breanna Stevens
1584,Julian Rice
1585,Amy Jones
1586,Jennifer Dunn
1587,Cynthia Yang
1588,Christopher Medina
1589,Kevin Nguyen
1590,Mrs. Anna Knox
1591,Alexis Watkins
1592,Anthony Berg
1593,Christopher Gutierrez
1594,Austin Goodwin
1595,Teresa Morris
1596,Joseph Wilkerson
1597,Jon Anderson
1598,Jonathan James
1599,Donald Gordon
1600,Joel Tapia
1601,Kristie Lewis
1602,Laura Jenkins
1603,Veronica Webb
1604,Sherri Harper
1605,Denise Sandoval
1606,Stacy Williams
1607,Sean Grant
1608,Zachary Morales
1609,Wendy Guerrero
1610,Jessica Meyer
1611,Sheri Watson
1612,Erin Hall
1613,Lindsay Rogers
1614,Tracey Walker
1615,Brittany Stevenson
1616,Jason Brooks
1617,Kathleen Davidson
1618,William Padilla
1619,Scott Herring
1620,Robert Webb
1621,Charles Freeman
1622,Andrew Hawkins
1623,Andrew Krause
1624,Brent Wright
1625,Melanie Andrews
1626,Jacqueline Snow
1627,Michael Mayer
1628,David Macias
1629,Justin Patterson
1630,Vincent Brooks
1631,John Mcclure
1632,Brian Williams
1633,Kelsey Woods
1634,Bradley Mckinney
1635,Jeffrey Wall
1636,Joseph Goodman
1637,David Carroll
1638,John Elliott
1639,Kristen Brown
1640,Gary Kelly
1641,Sabrina Schneider
1642,Michael Mason
1643,Valerie Rose
1644,Kevin Hanna
1645,Patricia Jones
1646,Timothy Phillips
1647,Edwin Roberson
1648,Rebekah Dyer
1649,Christine Reed
1650,Laurie Lewis
1651,Dr. Tina Berg
1652,Stefanie Warren
1653,Linda Hudson
1654,Linda Evans
1655,Kevin Ramos
1656,Jacob Franklin
1657,Brandon Gordon
1658,Dylan Brown
1659,Morgan Booker
1660,Sarah Sanchez
1661,Michael Parker
1662,Thomas Parker
1663,Stephanie Robinson
1664,Charles Kelly
1665,Leon Grant
1666,James Shelton
1667,Stanley Le PhD
1668,Michael Hill
1669,Nicole Nguyen
1670,Cody Brown
1671,Gregg Sims
1672,Christopher Snyder
1673,Vanessa Farrell
1674,Jody Martinez
1675,Karina Bush
1676,Daniel Rich
1677,Dr. Alyssa Boyer
1678,Victoria Smith
1679,Charles Dorsey
1680,Duane Bradley
1681,Antonio Davis
1682,Thomas Carpenter DDS
1683,Joshua Bailey
1684,David Moore
1685,Mackenzie Moore
1686,Alisha Williams
1687,Sabrina Goodwin
1688,Courtney Lozano
1689,Jennifer Cook
1690,Vanessa Phillips
1691,Amanda Parker
1692,Donald Baker
1693,Brenda Osborn
1694,Jose Ramsey
1695,Amanda Young
1696,Sarah Gross
1697,Tamara Rogers
1698,Angela Hill
1699,Alexander Morales
1700,Greg Evans
1701,Kevin Webb
1702,Sarah Richards
1703,Donald King
1704,Michael Chavez
1705,Daniel Miller
1706,Nicholas Torres
1707,Troy Bates
1708,Kevin Yoder
1709,Richard Moody
1710,Monica Evans
1711,Jonathan Dillon
1712,Justin Browning
1713,Lisa Barnett
1714,Justin Harrison
1715,Tyler Allen
1716,Brian Nguyen
1717,Jeffrey Graham
1718,Cassandra Barker
1719,Barbara Stanley
1720,Hannah Holland
1721,Lisa Smith
1722,Elizabeth Johnston
1723,Brad Pratt
1724,Tamara Serrano
1725,Zachary Simmons
1726,Barbara Norton
1727,Mr. David Kaiser
1728,Alyssa Johnson
1729,Rita Robinson
1730,Robert Washington
1731,Jennifer Simpson
1732,Andrew Perez
1733,Shane Brennan
1734,James Jones
1735,Andrew Jensen
1736,Dr. Courtney Hansen
1737,Bradley Wilson
1738,Mrs. Patricia Williams
1739,Michael Gonzales
1740,Alexis George
1741,Benjamin Smith
1742,Ricky Mcintyre
1743,James Smith
1744,Mrs. Natalie Atkins
1745,Harold Marquez
1746,Ashley Baker
1747,Thomas Wheeler
1748,Sandra Frederick
1749,Heather Dixon
1750,Kristie Robinson
1751,Nicholas Watson
1752,Jason Jackson
1753,Danielle Pena
1754,Ruben Humphrey
1755,Michael Dunn
1756,Leslie Dalton
1757,Benjamin Mcdaniel
1758,Roger Mahoney
1759,Ashley Rollins
1760,Misty Hill
1761,Jasmine Luna
1762,Jodi Brown
1763,Johnny Little
1764,William Bailey
1765,Gwendolyn Anderson
1766,Felicia Sharp
1767,Katherine Freeman
1768,Melissa Johnson
1769,Marvin Gibbs
1770,Gloria Lyons
1771,Sara Cook
1772,John Giles
1773,Pamela Williams
1774,Michelle Peterson
1775,Donna Santos
1776,Anna Banks
1777,Dillon Harris
1778,Joseph Holloway
1779,Dan Escobar
1780,Angel Conley
1781,Barbara Cox
1782,Jennifer Stout
1783,Alejandra Vega
1784,William Hughes
1785,Wanda Peters
1786,Samantha Morales
1787,Carrie Cooper
1788,Victoria English
1789,Anthony Sherman
1790,Elizabeth Murphy
1791,Ryan Marquez
1792,Jeanette Jacobson
1793,Andrew Lopez
1794,Clayton Rivera
1795,Colleen Guerrero
1796,Willie Carr
1797,Kyle Montes
1798,Charles Cline
1799,Barbara Miller
1800,David Cannon
1801,Patricia Bailey
1802,Tammy Dominguez
1803,Craig Levy
1804,Joseph Shields
1805,Kelly Hubbard
1806,Hannah Ramirez
1807,Joshua Mcguire
1808,Angelica Matthews
1809,Lauren Harris
1810,Arthur Vincent
1811,Jeffrey Dalton
1812,Christopher Diaz
1813,Alec Torres
1814,Kevin Nelson
1815,Jeremy Watts
1816,Gregory Gutierrez
1817,Eric Garcia
1818,Stephanie Miller
1819,Gabrielle Hays
1820,Heather Gray
1821,Jennifer Anderson
1822,Lisa Cervantes
1823,Melissa Martin
1824,Adam Gordon
1825,James Griffin
1826,Ronald Garcia
1827,Rhonda Jones
1828,Jeffrey White
1829,Shaun Reeves
1830,Desiree Howard
1831,Dawn Sanders
1832,Richard Drake
1833,David Osborne
1834,Cristina Wilson
1835,Kristi Burns
1836,Andrew Collins
1837,Brenda Reyes
1838,Matthew Ramirez
1839,Scott Lee
1840,Angela Martinez
1841,Debra Carpenter
1842,Henry Anderson
1843,William Vargas
1844,Thomas Burgess
1845,Mark Robinson
1846,Stephanie Pacheco
1847,Shelly Ross
1848,Stephanie Williams
1849,John Lee
1850,Sheila Gentry
1851,Kristen Moore
1852,Wendy Perkins
1853,Eddie Nguyen
1854,John Hoffman
1855,Scott Williams
1856,Cynthia Hancock
1857,Emma Vaughan
1858,Jenna West
1859,Paul Matthews
1860,Russell Henry
1861,Michelle Arias
1862,Jared Orozco
1863,Jason Daniels
1864,Sandra Nixon
1865,Richard Johnson
1866,Amber Mcintyre
1867,Erin Nash
1868,Emily Patton
1869,Charles Martin
1870,Jade Gallegos
1871,Eric Rivera
1872,Troy Prince
1873,Nathan Pierce
1874,Elizabeth Walker
1875,John Maldonado
1876,Jennifer Lopez
1877,Susan Cannon
1878,Angela Graham
1879,Stephanie Davis
1880,Jessica Garcia
1881,Jennifer Schultz
1882,Mathew Green
1883,Melinda Lamb
1884,Zachary Cooper
1885,Patrick Davis
1886,Garrett Smith
1887,Jeanette Owens
1888,Robert Wilson
1889,Ariana Thomas
1890,Cassandra Hall
1891,Heather Raymond
1892,Brenda Curtis
1893,Stacey Bishop
1894,Dylan Hill
1895,Rebecca Jones
1896,Nathaniel Mclaughlin
1897,Michelle Maynard
1898,Sean Clark
1899,Jack Smith
1900,Donald Bush
1901,Gregory Howard
1902,Timothy Medina
1903,Chelsea Schneider
1904,Michelle Lee
1905,Kevin Murphy
1906,Michelle Sherman
1907,Joshua Manning
1908,Scott Lynch
1909,Jacqueline Hahn
1910,Eric Cunningham
1911,Kim Contreras
1912,Jacob Baker
1913,Virginia Bass
1914,Tiffany Clarke
1915,Amy Boyle
1916,Todd Ruiz
1917,Peter Morrison
1918,Kelsey Brown
1919,Nicholas Johnson
1920,Susan Taylor
1921,Daniel Avery
1922,Eric Hodge
1923,Scott Bush
1924,Abigail Hahn
1925,Benjamin Griffith
1926,Kathy Pugh
1927,Kyle Campbell
1928,Stephen Matthews
1929,Michael Yang
1930,Luis Walker
1931,Susan James
1932,Darren Levine
1933,James Stevens
1934,Melissa Rodriguez
1935,Justin Myers
1936,James Rose
1937,Dr. Anthony Ellis
1938,Thomas Olson
1939,Jason Cameron
1940,Sabrina Davis
1941,Brandy Copeland
1942,Felicia Kim
1943,Adam Allen
1944,Valerie Arellano
1945,Heather Johnson
1946,Shaun West
1947,Kristina Smith
1948,Teresa Reyes
1949,Edward Hill
1950,Robin Wallace
1951,Sarah White
1952,Jennifer Mccullough
1953,Kristine White
1954,Michael Anderson
1955,Theresa Holloway
1956,Michael Smith
1957,Robert Wong
1958,Jeffrey Hernandez
1959,Karen Alvarez
1960,Amy Foster
1961,Mrs. Victoria Campbell MD
1962,Daniel Rowe
1963,Duane Jenkins
1964,Kristen Mitchell
1965,Dawn Meadows
1966,Justin Richardson
1967,Brittany Cole
1968,Nicolas Taylor
1969,Paige Thomas
1970,Jeremy Dominguez
1971,Timothy Hamilton
1972,Darrell Taylor
1973,Andrea Lyons
1974,Erin Robinson
1975,Shannon Jones
1976,Elizabeth Jones
1977,Robert Douglas
1978,Anthony Martin
1979,Charles Nelson
1980,Jeffrey Parker
1981,Ruth Hood DDS
1982,Kathryn Jackson
1983,Virginia Sherman
1984,Julie Hall
1985,Dana Oconnell
1986,Sonya Wilson
1987,Stephanie Harmon
1988,Zachary Sanders
1989,Kevin Cooper MD
1990,Jennifer Hicks
1991,Sarah Combs
1992,Craig Johnson
1993,Sergio Stewart
1994,Jessica Lee
1995,Joshua Garrett
1996,Marie Allen
1997,Andre Foster
1998,Sara Ellison
1999,Emily Garner
2000,Mary Werner
2001,Yvonne Ellis
2002,Peter Ray
2003,Shaun Jackson
2004,Lori Wilkinson
2005,Mr. Christopher Frank
2006,Kevin Johnson
2007,Jessica Osborne
2008,Jason Gonzalez
2009,Lisa Hopkins
2010,Barbara Shea
2011,Lydia Burgess
2012,Taylor Brown
2013,Tamara Clarke
2014,Jamie Wood
2015,Catherine Walker
2016,Claudia Stewart
2017,Juan Rios
2018,Scott Fitzpatrick
2019,Dr. William Roberts
2020,David Hill
2021,Debra Duran
2022,Edward Gillespie
2023,Hannah Duke
2024,Christopher Porter
2025,Bryan French
2026,Danielle Quinn
2027,Benjamin Smith
2028,Anne Shaw
2029,Ian Davis
2030,Angela Cox
2031,Brenda Gardner
2032,Brian Fowler
2033,Jennifer Cole
2034,Meghan Sexton
2035,Jonathan Day
2036,Tina Zavala
2037,Kevin Steele
2038,Eric Baxter
2039,Amanda Cline
2040,Judy Moreno
2041,Dr. Lori Benson
2042,Jose Warren
2043,Tina Nicholson
2044,Andrea Saunders
2045,Karen Johnson
2046,Angela Hernandez
2047,Rebecca Sloan
2048,Jeffery Hines
2049,Nicholas Maxwell
2050,Stephanie Johnson
2051,Elizabeth Chapman
2052,Chad Johnson
2053,Allen Chang
2054,Ashley Beard
2055,Melvin Barnes
2056,Samuel Johnson
2057,Anthony Barnes
2058,Michelle Davis
2059,John Cooke
2060,Jared Roberts
2061,Joseph Webster
2062,Stanley Pittman
2063,Joseph Randall
2064,Michael Johnson
2065,Shannon Morris
2066,Timothy Miller
2067,Brian Parrish
2068,Karen Miller
2069,Rebecca Rogers
2070,Raymond Boyd
2071,Kevin Carson
2072,Brandon Cook
2073,Nicholas Norman
2074,Susan Friedman
2075,Tracy Mcdonald
2076,Timothy Smith
2077,Linda Guerrero
2078,Donna Aguirre
2079,Ronald Juarez
2080,Carla Jones
2081,Jonathan Smith
2082,Roger Jackson
2083,Michael Mitchell
2084,Michael Hernandez
2085,Michael Smith
2086,Anne Maynard
2087,Tanner Massey
2088,Tyler Rodriguez
2089,Tracey Jackson
2090,Christopher Morton
2091,Brandy Warren
2092,Tim Allen
2093,Kelsey Jones
2094,Sheila Johnson
2095,Derek Allen
2096,Sandra Webb
2097,Victoria Leonard
2098,Thomas Campbell
2099,Maria Scott
2100,Erica Jones
2101,John Benson
2102,David Lloyd
2103,Michael Bradshaw
2104,Elizabeth Freeman
2105,Jennifer Anderson
2106,Caroline Huber
2107,Christopher Johnson
2108,Hannah Jacobs
2109,Jonathan Howard
2110,Michelle Williams
2111,Paula Lowe
2112,Daniel Carroll
2113,Traci Wright
2114,Jeffrey Durham
2115,Alexis Harding
2116,Christine Pena
2117,Diana Smith
2118,Jeffery Sanchez
2119,George Gill
2120,Abigail Peterson
2121,Jennifer Terrell
2122,Alison Richard
2123,Darryl Li
2124,Wendy Montoya
2125,Craig Perkins
2126,Amanda Anderson
2127,Tanya Gutierrez
2128,Daniel Wells
2129,Matthew Tucker
2130,Taylor Gray
2131,Paula Schwartz
2132,Denise Ayala
2133,Mark Leonard
2134,April Ford
2135,Melissa Oconnell DVM
2136,Christopher Fritz
2137,Stephanie Hale
2138,Laura Turner
2139,Christopher Wilson
2140,Sabrina Mcmillan
2141,Debra Anderson
2142,Olivia Alexander
2143,Heather Hodge
2144,Sarah Colon
2145,Destiny Ward
2146,Toni Nelson
2147,Laura Bowers
2148,Alexis Rodriguez
2149,Lisa Harvey
2150,Wesley Reed
2151,Joseph Johns
2152,Michael Hall
2153,Cindy Powell
2154,Tammy Lee
2155,Andrea Crane
2156,Misty Schwartz
2157,Christopher Marshall
2158,Ronnie Clark
2159,Dr. Alisha Burton
2160,John Gonzalez
2161,Destiny Jones
2162,Kendra Moore
2163,Michael Richards
2164,Caleb Coleman
2165,Jacqueline Webb
2166,Paige Yu
2167,Brittany Kemp
2168,Amy Little
2169,Lori Fowler
2170,Shane Edwards
2171,Carolyn Castillo
2172,Timothy Fox
2173,Maurice Gordon
2174,Paul Lawson
2175,Francis Cervantes
2176,Corey Silva
2177,John Melton
2178,Sheena Carr
2179,Adriana Anderson
2180,Rhonda Mills
2181,Christopher Bradshaw
2182,Gabriela Mitchell
2183,Alexis Jackson
2184,Casey Brown
2185,Valerie Holmes
2186,Cindy Mccarthy
2187,Steven Day
2188,Heather Sims
2189,Abigail Tran
2190,Jaime Mcguire
2191,Karen Garza
2192,Mary Johnston
2193,John Ray
2194,Melissa Smith
2195,David Salazar
2196,Eric Stewart
2197,Amy Medina
2198,Chelsea Miller
2199,Beverly Bell
2200,Gregory Hill
2201,Antonio Phillips
2202,Marie Sanders
2203,Diana Mclean
2204,Anthony Gilmore
2205,Andrew Williams
2206,Cheryl Chandler
2207,Wendy Cobb
2208,Joseph Gray
2209,Karina Love
2210,Shelia Booker
2211,Teresa Brewer
2212,Ryan Rodriguez
2213,Tiffany Alvarado
2214,Christopher Trujillo
2215,Scott Taylor
2216,Mathew Kaufman
2217,Toni Peterson
2218,Melinda Lucas
2219,Tabitha Moore
2220,Ryan Davis
2221,Kerri Davis
2222,Bryan Marquez
2223,Michael Stuart
2224,Sandra Peck
2225,Kristie Santos
2226,Ashley Reyes
2227,Anna Benjamin
2228,Paula Diaz
2229,Ryan Collins
2230,Martin Powell
2231,Cynthia Vasquez
2232,Sandy Gordon
2233,Jeffrey George
2234,Donna Mullins
2235,Steven Henry
2236,Alexander Arnold
2237,Ivan Buckley
2238,Nathan Ramos
2239,James Lloyd
2240,Cindy Clark
2241,Dustin Fox
2242,Christopher Taylor
2243,Nancy Sexton
2244,Nancy Todd
2245,Donna Wallace
2246,John Reed
2247,Derek Callahan
2248,Virginia Cantu
2249,Brandy Carter
2250,Melissa Davis
2251,Rachel Robertson
2252,Meghan Stephens
2253,Anthony Lyons
2254,Scott Hale
2255,Kelli Hogan
2256,Christopher Stephenson
2257,Jennifer Torres
2258,Keith Brewer
2259,Rose Ortiz
2260,Michele Kelley
2261,Ashley Delgado
2262,Renee Fischer
2263,Nicholas Lin
2264,Lindsay Robinson
2265,Stacy Harris
2266,Anthony Mitchell
2267,David Reilly
2268,Amy Hodges
2269,Shannon Johnson
2270,Alan Vaughan
2271,Thomas Brock
2272,Jennifer Stanton
2273,Julie Meyer
2274,Donna Campbell
2275,Cindy Webb
2276,Amber Walsh DDS
2277,Cheryl Moore
2278,Gabrielle Vargas
2279,Chad Reynolds
2280,Toni Mcdonald
2281,Dennis Humphrey
2282,George Rodriguez
2283,Mary Acevedo
2284,Joseph Johnson
2285,Emily Mckenzie
2286,John Gill
2287,James Ball
2288,Lori Ramos
2289,Travis Wilson
2290,Stephen George
2291,Sharon Webster
2292,Amy Prince
2293,Melissa Bridges
2294,Rebecca Reyes
2295,Timothy Walker
2296,Benjamin Green
2297,Leah Mason
2298,Richard Rodriguez
2299,Michael Nelson
2300,Jill Gross
2301,Cynthia Martinez
2302,Christina Johnson
2303,Erika Brown
2304,Adam Jenkins
2305,Joshua Alexander
2306,James Sanders
2307,Alex Stewart
2308,Patrick Morris
2309,Brenda Henderson
2310,Keith Lopez
2311,Linda Choi
2312,Charles Francis Jr.
2313,Christine Young
2314,Mr. Shane Sharp
2315,Jonathan Davis
2316,Edward Carrillo
2317,Curtis Fox
2318,Bridget Proctor
2319,Sarah Gay
2320,Robert Hayes
2321,John Swanson
2322,Christian Davis MD
2323,Amanda Marshall
2324,Miguel Osborne
2325,Hector Miller
2326,Matthew Ross
2327,Frank Martinez
2328,Jesse Tyler
2329,Donna Boone
2330,Nicholas Cordova
2331,Jordan Mendoza
2332,Courtney Hinton
2333,Jonathan Lewis
2334,John Vargas
2335,Christopher May
2336,Mrs. Brenda James MD
2337,Margaret Smith
2338,Tyler Chapman
2339,Kristopher Fuller
2340,Matthew Burke
2341,Gregory Coleman
2342,Ashley Clark
2343,David Bender
2344,Eric Bennett
2345,Samantha Carter
2346,Richard Knox
2347,Brian Stokes
2348,Sydney Sanchez
2349,Douglas Rose
2350,Kevin Gomez
2351,Adam Spears
2352,Jillian Cox
2353,Whitney Harrison
2354,Sherry Williams
2355,Jesus Nichols Jr.
2356,Amy Holt
2357,Emily Hopkins
2358,Kristen Anderson
2359,Penny Fuentes
2360,Carolyn Wallace
2361,Sarah Flores
2362,Douglas Williams
2363,Gregory Hernandez
2364,Jesus Cantrell
2365,Oscar Ward
2366,Steven Wong
2367,Jacqueline Walker
2368,Gabriel Juarez
2369,Brenda Scott
2370,Richard Wright
2371,Brandon Mitchell
2372,Kimberly Conley
2373,Lonnie Farmer
2374,Caitlin Alexander
2375,Darryl Smith
2376,Veronica Weeks
2377,Stacy Simon
2378,Sharon Smith
2379,Lisa Johnson
2380,Lori Paul
2381,Anthony Schmitt
2382,Timothy Dixon
2383,Michelle Brown
2384,Timothy Harris
2385,Sabrina Paul
2386,James Nelson
2387,Jennifer Estes
2388,Jordan Stephenson
2389,Dennis Buchanan
2390,Victoria Johnson
2391,Ronald Lamb
2392,Catherine Krueger
2393,Eric Jefferson
2394,Justin Hawkins
2395,Jennifer Gibson
2396,Amy Cobb
2397,Jonathan Miller
2398,Melanie Chavez
2399,Lindsey Johnson
2400,Stephen Rodgers
2401,Megan Lowe
2402,Ricardo Washington
2403,Albert Medina
2404,Joseph Davidson
2405,Sean Johnson
2406,Richard Solis
2407,Michael Jefferson
2408,Roger Brown
2409,Brianna Scott DVM
2410,Kenneth Johnson
2411,Jesse Castillo
2412,Bradley Cervantes
2413,Travis Morris
2414,Whitney Fletcher
2415,Dustin Carey
2416,Allison Martin
2417,Amber Crawford
2418,Luis Reese
2419,Brad Estrada
2420,Catherine Rice
2421,Brian Walker
2422,Ashley Brown
2423,Allison Lee
2424,Caitlin Robinson
2425,Shawn Johnson
2426,Kayla Dixon
2427,Clifford Potts
2428,Mr. Christopher Bryan
2429,Christopher Robinson
2430,Kayla Wilson
2431,Stephen Bowers
2432,Mrs. Tammy Decker DVM
2433,Jennifer Manning
2434,Hailey Davis
2435,Kimberly Marshall
2436,Christina Baker
2437,Michael Lucas
2438,Jeremiah Lopez
2439,Danny Rodriguez
2440,Ashley Moore
2441,Sean Walker
2442,Karen Reed
2443,Richard Pearson
2444,Pamela Mooney
2445,Jane Torres
2446,Michele Hart
2447,Gregory Rodriguez
2448,Courtney Riley
2449,John Farmer
2450,Christopher Stephens
2451,Stephen Daniel
2452,Lawrence Griffin
2453,Carl Rogers
2454,Stephen Cooper
2455,Regina Bryan
2456,Phyllis Taylor
2457,Jared Kelly
2458,Lisa Perez
2459,Andrea Little
2460,Tracy Harris
2461,Timothy Carpenter
2462,Angela Lopez
2463,Emily Hernandez
2464,Ralph Matthews
2465,Richard Rogers
2466,Brittany Hernandez
2467,Kerri Bailey
2468,James Ray
2469,Jonathan Simmons
2470,Patricia Foster
2471,Kathy Cunningham
2472,Crystal Clark
2473,Crystal Moyer
2474,Joshua Wilson
2475,Katie Cortez
2476,Shannon Ferguson
2477,Kristen Pierce
2478,Janice Miller
2479,Vanessa Rangel
2480,Sabrina Anderson
2481,Lisa Wise
2482,Matthew Williams
2483,Christina Thompson
2484,Mrs. Shelly Compton
2485,Kyle Walker
2486,William Robinson
2487,Eric Watts
2488,James Williams
2489,John Lane
2490,Mr. Daniel Morton
2491,Todd Solomon
2492,Amy West
2493,Brandon Moyer
2494,Justin Bridges
2495,Zachary Burke
2496,Amy Graham
2497,Mr. Glenn Smith
2498,Brendan Ramos
2499,Yolanda West
2500,Jonathan Mcintyre
2501,Shannon Bowen
2502,Chad Ramirez
2503,Susan Lyons
2504,Paul Douglas
2505,Jeremiah Stevens
2506,Johnathan Tyler
2507,Judy Holt
2508,Tanya Ray DVM
2509,Gary Pham
2510,Charles Reese
2511,Megan Simmons
2512,Maureen Mercer
2513,Robert Oliver
2514,Mario Navarro
2515,Charles Kennedy
2516,Raymond Hernandez
2517,Diane Tran
2518,Robert Dawson
2519,Kathryn Jackson
2520,Tracy Stevens
2521,Brittany Sweeney
2522,Mary Simmons
2523,Derek Carey
2524,Courtney Everett
2525,Justin Lindsey
2526,Matthew Roy
2527,Tammy Flores
2528,Todd Davis
2529,Holly Taylor
2530,Hannah Acosta
2531,Stephanie Jones
2532,Vanessa Crosby
2533,Richard Bennett
2534,Traci Parks
2535,Connie Hernandez PhD
2536,Sarah Nguyen
2537,Linda Scott
2538,Katherine Mora
2539,Mark Brown
2540,Terry Lucas
2541,Jaime Cole
2542,Keith Johnson
2543,Cole Medina
2544,Ross Leonard
2545,Reginald Flynn
2546,Tom Davis
2547,Melanie Ashley
2548,Ralph White
2549,Jonathan King
2550,Christian Rubio
2551,Jeffery Murray
2552,Kathleen Carter
2553,Mark Warren
2554,Richard Romero
2555,Jose Maddox
2556,Adam Hurst
2557,Mark Madden
2558,Sharon Zimmerman
2559,Brian Romero
2560,Don Wall
2561,Kathleen Smith
2562,Kari Curtis
2563,Steve Hall
2564,Jane Reyes
2565,Donna Boyd
2566,Christopher Perez
2567,Kevin Campbell
2568,Rebekah Mercado
2569,Brett Brown
2570,Jennifer Duke
2571,Ashley Fox
2572,Pamela Knight
2573,Jason Brooks
2574,Benjamin Zhang
2575,Joyce Larsen PhD
2576,Kevin Dudley
2577,Timothy Moore
2578,Karen Martinez
2579,Ronald Harris
2580,Trevor Hansen
2581,Ashley Benson
2582,Brandon Anderson
2583,William Acevedo
2584,Amanda Hernandez
2585,Joseph Taylor
2586,Tara Whitehead
2587,Judy Reynolds
2588,Robert Reyes
2589,Jacob Thompson
2590,Mr. Aaron Torres
2591,Dana Scott
2592,Aaron Gonzales
2593,Nathan Ford DVM
2594,Kayla Hughes
2595,Russell White
2596,Mr. Daniel Sellers
2597,Travis Martin
2598,Mr. Charles Baker
2599,Sarah Arnold
2600,Patricia Williams
2601,Ronald Henry
2602,Melissa Lloyd
2603,Robert Barrett
2604,Christina Hurst
2605,Harold Alvarez
2606,Robert Williams
2607,Stephen Rhodes
2608,Michael Morales
2609,Kevin Moreno
2610,Paul Johnson
2611,Jessica Rojas
2612,Brent Jones
2613,Jennifer Fischer
2614,Jeremiah Fuller
2615,David Herrera
2616,Daryl Hill
2617,Kristen Forbes
2618,David Petersen
2619,Sandy Wells
2620,Cory Anderson Jr.
2621,Christopher Hebert
2622,Robert Robinson
2623,Douglas Sanchez Jr.
2624,Tiffany Benitez
2625,Rebecca James
2626,Andrea Hancock
2627,Mark Nguyen
2628,Jennifer Nguyen
2629,Kyle Thornton
2630,Pamela Powers
2631,Andrew Walker
2632,Paul Webster
2633,Jacob Schmidt
2634,Thomas Braun
2635,John Howard
2636,Jermaine Jensen
2637,Logan Pierce
2638,Kimberly Hernandez
2639,Willie Potter
2640,Tracy Henson
2641,Jacob Smith
2642,Mrs. Mary Lloyd
2643,Nicole Kelly
2644,Michael Williams
2645,Joseph Hernandez
2646,Desiree Larsen
2647,Allison Snyder
2648,Lisa Moreno
2649,Dylan Mcdaniel
2650,Kristin Martinez
2651,Cassidy Cline
2652,Mark Hernandez
2653,Jordan Moon
2654,Sharon Anderson
2655,Julia Dalton
2656,Robert Gonzalez
2657,Madison King
2658,Jay Gross
2659,Jasmine Harris
2660,April Wilcox
2661,Tyler Stevens
2662,Brian Potter
2663,Elizabeth Lewis
2664,Heather Calderon
2665,Heather Peterson
2666,Jacqueline Rhodes
2667,Sara Black
2668,Brad Moore
2669,Nicole Daniel
2670,Craig Walker
2671,Erica Petty
2672,Michael Haynes
2673,Paul Gray
2674,Shannon Watson
2675,Ryan Waters
2676,Ryan Barnett
2677,Mariah Church
2678,Edward White
2679,Miss Morgan Johnson
2680,Michael Hernandez
2681,Christopher Walton DVM
2682,James Brock
2683,Jacqueline Thomas
2684,Michelle Little DVM
2685,Amanda Stewart
2686,Frank West
2687,Willie Beck
2688,Stephen Leblanc
2689,Jonathan Morgan
2690,Danny Bishop
2691,Michael Ramos
2692,Kelly Powell
2693,Ricky Holland
2694,Sophia Bell
2695,Carl Branch
2696,Holly Perry
2697,Ashley Williams MD
2698,Bethany Valdez
2699,David Cole
2700,Adam Baker
2701,Mark Barrett
2702,Cynthia White
2703,Claudia Clark
2704,Joshua Sandoval
2705,Jessica Reyes
2706,Elizabeth Fields
2707,Carla Matthews
2708,Martha Sanders
2709,Jane Moreno
2710,Michael Crosby
2711,Heather Kirk
2712,Ashley Johnson
2713,Susan Leonard
2714,Nathan Rojas
2715,Kelly Whitaker
2716,Tiffany Martin
2717,Jonathan Hernandez
2718,Rebecca Reed
2719,Paul Choi
2720,Brianna Martinez
2721,John Dorsey
2722,Vincent Gross
2723,Erica Nichols
2724,Ricky Hughes
2725,Ashley Miller
2726,Mr. Jeremy Callahan MD
2727,Tonya Haley
2728,Heather Bonilla
2729,Marcus Shaw
2730,Spencer Alexander
2731,Dr. William Good Jr.
2732,Nicholas Mclaughlin
2733,Peter Lee
2734,Diana Smith
2735,Monica Aguilar
2736,Jared Ward
2737,Brittany Quinn
2738,Kevin Ortega
2739,Corey Reed MD
2740,Lindsey Allen
2741,Keith Craig
2742,Olivia Jones
2743,Jackie George
2744,Michelle Johnson
2745,James Reed
2746,Amy Perry
2747,Joel Chavez
2748,Judith Barton
2749,Kevin Dominguez
2750,Jennifer Noble
2751,Sarah Henry
2752,Chad Drake
2753,Mary Yoder
2754,George Lee
2755,Beth Charles
2756,Sara Gonzalez DDS
2757,Amy Turner
2758,William Sheppard
2759,Christina Santos
2760,Kevin Wilson
2761,Alex Brown
2762,Beverly Acosta
2763,Claudia Johnson
2764,Michael Smith
2765,Sara Bonilla
2766,Grace Petty
2767,Janet Lopez
2768,Mike Williams
2769,Bill Garcia
2770,Phillip Fuller
2771,Edward James
2772,Raymond Meyers
2773,Heather Larson
2774,Mrs. Jacqueline Williams
2775,David Bright
2776,Rebecca Acevedo
2777,Jose Patel
2778,Andrew Patterson
2779,Cynthia Gonzales
2780,Lance Horton
2781,Cynthia Flores
2782,Melissa Anderson
2783,Casey Davis
2784,Bryan Jones
2785,April Dunlap
2786,Crystal Reilly
2787,Ariel Castillo
2788,Lisa Leonard
2789,Jessica Mcdowell
2790,Martin Davis
2791,Joshua Thornton
2792,Darryl Patel
2793,Gina Welch
2794,Kyle Bailey
2795,Teresa Barton
2796,Jacqueline Martinez
2797,Rita Orr
2798,Erica Smith
2799,Mark Lang
2800,Philip Allen
2801,Andrea Duran
2802,Angela Norman
2803,Edward Johnston III
2804,Shelly Reynolds
2805,Timothy Curtis
2806,Melissa Becker
2807,Christine Le
2808,Dennis Gibson
2809,Richard Manning
2810,Charles Hayes
2811,Stacy Adams
2812,Mary Daniel
2813,Paul Wilson
2814,Lisa Lewis
2815,Margaret Washington
2816,Scott Wood
2817,Lindsey Perez
2818,Brian Jones
2819,Jessica Oliver
2820,Heather Kerr
2821,Ronald Holmes
2822,Dylan Meza
2823,Richard Harris
2824,James Lawson
2825,Diane Jackson
2826,Joshua Parker
2827,William Roth
2828,Jennifer Lopez
2829,Kimberly Adams
2830,Renee Nelson
2831,Monica Andrews
2832,James Hood
2833,Teresa Decker
2834,Andrew Alvarez DDS
2835,Alvin Larson
2836,Lisa Wallace
2837,Cody Herrera Jr.
2838,Sean Baxter
2839,Rodney Wall
2840,Daniel Rodgers
2841,Dr. Shannon Vargas
2842,Pamela Clements
2843,Brent Ross
2844,Deanna Harris
2845,Mrs. Cynthia Schmidt
2846,Tina Graham DDS
2847,Stacie Haney
2848,Keith Osborne
2849,Jeffrey Green
2850,James Cooper
2851,Bruce Clark
2852,Paul Patel
2853,Ricky Melton
2854,Kyle Rosario
2855,Amanda Jacobs MD
2856,Rebecca Garcia
2857,Mark Carlson
2858,Christopher Ruiz
2859,Ashley Todd
2860,Joshua Schneider
2861,Brooke Foster
2862,Morgan Montoya
2863,Christina Bruce
2864,Ashley Miller
2865,Richard Peters
2866,Nicholas Bishop
2867,Allison Harrison
2868,Anita Kramer
2869,Caleb Schneider
2870,John Clark
2871,Jennifer Thompson
2872,Gabrielle Goodwin
2873,Kari Hernandez
2874,Brad Mcgee
2875,Roy Villegas
2876,Sean Olson
2877,Taylor Thompson
2878,John Swanson
2879,Valerie Rose
2880,Amanda Hayes
2881,Robert Lozano
2882,Dustin Phillips
2883,Lindsey Thomas
2884,Jared Christensen
2885,Steven Brock
2886,Matthew Bailey
2887,Mrs. Stephanie Nelson MD
2888,Todd Owens
2889,Brent Cunningham
2890,Craig Benson
2891,Tony Carrillo
2892,Kendra Burgess
2893,Christopher Graham
2894,Sheila Alvarado
2895,Charlene Christensen
2896,Larry Moss
2897,Christine Perry
2898,Holly Martinez
2899,Heather Sims
2900,Robert Williams
2901,Charles Reeves
2902,Thomas Parker
2903,Raymond Ortiz
2904,Brenda Taylor
2905,John Reyes
2906,Anthony Rogers
2907,Jamie Hampton
2908,Robert Allen
2909,Elizabeth Olson
2910,Jeremy Armstrong
2911,Alex Perez
2912,Brian Wilson
2913,Christina Walker
2914,Anthony Mcmahon
2915,Brandon Reid
2916,Jennifer Smith
2917,Deborah Cole
2918,Steve Rodriguez
2919,Scott Ingram
2920,Kevin Atkins
2921,Alex Cross
2922,Jennifer Perez
2923,Samantha Perez
2924,Charles George
2925,Zachary Daniels
2926,Brianna Price
2927,James Wilson
2928,Kenneth Olson
2929,Gary Meyer
2930,Crystal Wilkinson
2931,Barbara Torres
2932,Heidi Brown
2933,Mr. Christopher Johnson
2934,Julie Smith
2935,Jeffery Parsons
2936,Dr. Jennifer Petty
2937,Amanda Perez
2938,Justin Howard
2939,Karen Williams
2940,Raymond Preston
2941,Angela Garza
2942,Harry Smith
2943,Karen Matthews
2944,Keith Taylor
2945,Glenda Robertson
2946,Brandon Gardner
2947,Michael Francis
2948,Lauren Leonard
2949,Paul Robles
2950,Jessica Evans
2951,Susan Carter
2952,Todd Harrison
2953,Ryan Williams
2954,Jason Peters
2955,Karen Peters
2956,Jamie Vaughan
2957,Christine Rogers
2958,Amber Holland
2959,Joshua Ruiz
2960,Brian Campbell
2961,Mario Walsh
2962,Maureen Smith
2963,James Morse
2964,Mrs. Elizabeth Gilmore DDS
2965,David Miller
2966,Austin Smith
2967,Timothy Gomez
2968,Douglas Wallace
2969,Rebecca Rodriguez
2970,James Baker
2971,Joseph Grant
2972,Kelsey Tyler
2973,Amy Allen
2974,Jeremiah Martinez
2975,Edgar Baldwin
2976,Amy Pitts DVM
2977,Jacob Tran
2978,Edward Werner
2979,Sandra Nelson
2980,Kristen Fitzpatrick
2981,Thomas Hart
2982,Daniel Wright
2983,Krystal Armstrong
2984,Barbara Rodriguez
2985,Christine Reynolds
2986,Emily Collins
2987,Jesse Escobar
2988,Tiffany Ortega
2989,David Adams
2990,Jose Schneider
2991,Henry Cruz
2992,Trevor Bell
2993,Elizabeth Smith
2994,Elizabeth Church
2995,Brianna Oneal
2996,Sonya Bean
2997,Catherine Figueroa
2998,Danielle Wilson
2999,Peter Allen
3000,Joseph Case
3001,Daniel Smith
3002,Mary Kidd
3003,Andrew Terry
3004,Denise Gardner
3005,Michael Padilla
3006,Cody Schultz
3007,Jim Cunningham
3008,Kevin Miller
3009,Sandra Brooks
3010,Derek Thompson
3011,Diana Luna
3012,Kristen Simpson
3013,Kenneth Taylor
3014,Alicia Wallace
3015,Michael Adams
3016,Gabriel Rosales
3017,Daniel Newton
3018,Kevin Gardner
3019,Melissa Walker
3020,Gregory Miller
3021,Devin Robinson
3022,Manuel Johnson
3023,Kelly Jones
3024,Mikayla Wade
3025,Jose Soto
3026,Chad George
3027,Daniel Smith
3028,Michael Underwood
3029,Taylor Barnes
3030,Kimberly Galloway
3031,Catherine Smith
3032,Taylor Watson
3033,Mr. Derrick Case DVM
3034,Lisa West
3035,Jessica Bryant
3036,Isaac Sweeney
3037,Mark Martinez
3038,Marissa Williams
3039,Adam Shields
3040,Keith Davis
3041,Sean Romero
3042,Justin Hayden
3043,Jacob Jordan
3044,Mrs. Denise Potts
3045,Kelly Knox
3046,Brianna Williams
3047,Michael Pham
3048,Jake Blanchard
3049,Julia Davis
3050,William Freeman
3051,Steven Ray
3052,David Smith
3053,Hannah Jackson
3054,Casey Keller
3055,George Nelson
3056,Johnny Vance
3057,Donald Campos
3058,Steven Baker
3059,Jeremy Barrett
3060,Bethany Williams
3061,Gregory Rosales
3062,Michelle Nixon
3063,Katherine Ryan
3064,Allison Kramer
3065,Todd Smith
3066,Richard Roberts
3067,Christopher Anderson
3068,Katherine Mason
3069,Christopher Callahan
3070,Patrick Young
3071,Nancy Conley
3072,Marcus Lewis
3073,Timothy Reed
3074,Dillon Harvey
3075,Kristin Smith
3076,Brittany Graves
3077,Melissa Gonzalez
3078,Courtney Murray
3079,Derrick Brown
3080,Pam Cook
3081,Stephen Vasquez
3082,Robert Trujillo
3083,Cindy Nguyen
3084,Pamela French
3085,Brittany Ramos
3086,Scott Farmer
3087,Christopher Foster
3088,Megan Copeland
3089,Dennis Warren
3090,Rodney Sullivan
3091,James Carroll
3092,Melanie Kelly
3093,Mary Nunez
3094,Debra Brown
3095,Sarah Morris
3096,Todd Summers
3097,Duane Huynh
3098,Debra Frost
3099,Julie Buckley
3100,Sally Bryant
3101,Zachary Golden
3102,Marcus Douglas
3103,Kimberly Li
3104,Kimberly Davis
3105,Zachary Wood
3106,James Wright
3107,James Smith
3108,Kathleen Murillo
3109,Alex Cameron
3110,Ann White
3111,Travis Nelson
3112,Ricky Rogers
3113,Laurie Allen
3114,Jerry Gibson
3115,Randall Combs
3116,Ernest Parker
3117,Jason Atkinson
3118,Craig Forbes
3119,Robert Graham
3120,Jonathan Johnson
3121,Caitlyn Rodriguez
3122,Samantha Schneider
3123,Misty Contreras
3124,Mariah Ramirez
3125,Shane Stokes
3126,Ashley Morgan
3127,Kevin Hill
3128,Louis Williams
3129,Evan Young
3130,Jacqueline Chapman
3131,Molly Gill
3132,Brittany Cruz
3133,Katie Peck
3134,Thomas Goodwin
3135,Thomas Brown
3136,Sheri Christian
3137,Sean Gutierrez
3138,Ashley Anderson
3139,Michael Vaughn
3140,Brian Soto
3141,Laura Fowler
3142,Kyle Duncan
3143,David Lopez
3144,Mary Boyd
3145,Robert Kelly
3146,Donna King
3147,Jeremy Obrien
3148,John May
3149,James Phillips
3150,Jennifer Cook
3151,Jonathan Blackwell
3152,Kristine Soto
3153,Sara Phelps
3154,Paul Guzman
3155,David Campbell
3156,Jacob Armstrong
3157,Brittany Nguyen
3158,Cathy Peterson
3159,Kelly Baker DVM
3160,Edward Anderson
3161,Laura Alvarez
3162,Dennis Beltran
3163,Laura Cunningham
3164,Kimberly Green
3165,Cathy Powell
3166,Elijah Galloway
3167,Jon Fuentes
3168,Albert Fields
3169,Anthony Davis
3170,Daniel Clark
3171,Michael Rose
3172,Alyssa Sutton
3173,Victoria Wu
3174,Phillip Johnson
3175,Anthony Henderson
3176,Eric Gross
3177,David Walker
3178,Melanie Newman
3179,Robert Johnson
3180,Jessica Cross
3181,Katherine Collins
3182,Vanessa Cooper
3183,Michael Molina
3184,Sierra Love
3185,Debra Roberts
3186,Joel Moss
3187,Anthony Rose
3188,Jasmine Mccormick
3189,Emily Shah
3190,Mason Bennett
3191,Theodore Anderson
3192,Katherine Clark
3193,Kelsey Graves
3194,Richard Thornton
3195,Kimberly Phillips
3196,Andrea Bates
3197,Susan Abbott
3198,Paula Cameron
3199,Tony Flores
3200,Alexander Herman
3201,Brandon Diaz
3202,Nathan Salazar
3203,Emily Thompson
3204,Ms. Morgan Clark
3205,John Oconnor
3206,Isabella Horne
3207,Mary Lopez
3208,Jasmine Carey
3209,Kevin Johnson
3210,Joshua Warren
3211,John Martin
3212,Mary Glenn
3213,Mrs. Danielle Reilly DDS
3214,Molly Vazquez
3215,Mrs. Janet Wiggins
3216,Laura Singleton
3217,Christopher Davis
3218,Nancy Taylor
3219,Joseph Glover
3220,Ronald Santos
3221,Mr. Gabriel Wilson
3222,Margaret Cooper
3223,Denise Andrews
3224,Jennifer Bailey
3225,David Brown
3226,Thomas Hernandez
3227,Dana Gates MD
3228,Brian Carpenter
3229,Alison Pacheco
3230,Michael Davis
3231,Donald Simpson
3232,Daniel Heath
3233,Amber Allen
3234,Carolyn Rich
3235,Shannon Lopez
3236,Melvin Martin
3237,Cheyenne Joseph
3238,Shawn White
3239,Deborah Lawson
3240,Richard Anderson
3241,Maria Allen
3242,Michele Mayo
3243,Stephanie Wright
3244,Jordan Miller
3245,Julia Powell
3246,Jay Burgess
3247,Christopher Spencer
3248,Michael Hernandez
3249,Elizabeth Dickerson
3250,Kristen Fleming
3251,Emily Gonzalez
3252,Chad Valenzuela
3253,Sara Palmer
3254,Mrs. Isabella Williams MD
3255,Brandon Salas
3256,Thomas Dominguez
3257,Crystal Wise
3258,Theresa Lopez
3259,Donna Buchanan
3260,Melinda Bradford
3261,James Reese
3262,Mrs. Kelly Vazquez
3263,Patrick Campbell
3264,Peter Gould
3265,Randall Padilla
3266,Christine Mcintyre
3267,Kurt Ramirez
3268,Brenda Spencer
3269,Anthony Murphy
3270,Anthony Fitzgerald
3271,Dillon Morton
3272,Robert Nichols
3273,Steven Lopez
3274,Brian Manning
3275,Jason Jackson
3276,Elizabeth Cherry
3277,Carrie Leonard
3278,Maria Miller
3279,Ashley Moody
3280,Kristen Martin
3281,Anthony Ray
3282,Christian Brown
3283,Haley Brock
3284,Taylor Murray
3285,Dr. Juan Johnson II
3286,Shannon Decker
3287,Christopher Hopkins
3288,Grant Lane
3289,Troy Henderson
3290,Mrs. Candace Moore
3291,Leslie Schneider
3292,Christopher Coleman
3293,Gregg Jackson
3294,Samantha Carr
3295,Brad Martin
3296,John Rivera
3297,Jeremy Ingram
3298,Raymond Petty
3299,Juan Hamilton
3300,Paul Donovan
3301,Samuel Delgado
3302,Victor Morrow
3303,Mrs. Barbara Roach MD
3304,Shawn Hansen
3305,Donna Martin
3306,Kelsey Reyes
3307,Anthony Wagner
3308,Alex Burton
3309,Brenda Farley
3310,Evan Huang
3311,Lisa Maxwell
3312,Amanda Rollins
3313,Robert Campbell
3314,Laura Stone
3315,Scott Ross
3316,Richard Esparza
3317,Monica Cook
3318,Jody Williams
3319,Michelle Williams
3320,Dominique Robles DDS
3321,Michelle Thomas
3322,Melissa Clark
3323,Lisa Christian
3324,Scott Koch
3325,Tiffany Herring
3326,Edward Hall
3327,Ashley Willis
3328,David Hancock
3329,Bradley Nguyen
3330,Jill Christian
3331,Susan Scott
3332,Andrew Keller
3333,Mr. Raymond Stafford
3334,Wendy Crane
3335,James Wright
3336,Joshua Blevins
3337,Brianna Shields
3338,Jennifer Jenkins
3339,Michael Mora
3340,Cindy Schwartz
3341,Rachel Ruiz
3342,Melissa Bennett
3343,Taylor Martin
3344,Paul Ford
3345,Samuel Miller
3346,Courtney Cannon DDS
3347,James Rivera
3348,Elizabeth Quinn
3349,Terrence Wright
3350,Gilbert Burke
3351,Laura Warren
3352,Luke Ellis
3353,Peggy Peterson
3354,Bernard Parker
3355,Lynn Smith
3356,Leslie Taylor
3357,Kathleen Hernandez
3358,Ryan Kelly
3359,Barbara Lewis
3360,Jacqueline Williams
3361,Sonya Holden
3362,Daniel Green
3363,Christopher Wright
3364,Melissa Flores
3365,Logan Johnson
3366,Teresa Townsend
3367,Kayla Williams
3368,Kara Lopez
3369,Michael Donovan
3370,Manuel Brown
3371,Roger Walker
3372,Michael Martin
3373,Robert Bryan
3374,Maureen Martinez
3375,Christopher Gonzalez
3376,Fernando Smith
3377,Rebecca Bowers
3378,Joshua Burton
3379,Kristy Downs
3380,Victoria Hess
3381,Jimmy Hall
3382,Shawn Smith
3383,Regina Klein
3384,Anthony Garner
3385,Rachael Gillespie
3386,Victoria Adams
3387,Amy Wise
3388,Kimberly Riddle
3389,Charles Miller
3390,Matthew Hughes
3391,Larry Jones
3392,Troy Davis
3393,William Newman
3394,Melissa Jones
3395,Victor Duncan
3396,Steven Mendoza
3397,Jennifer Bryan
3398,Jeremy Cook
3399,Natalie Schmidt
3400,Todd Johnson
3401,Kimberly Perez
3402,Christopher Carter
3403,Frances Myers
3404,Betty Robinson
3405,Tristan Johnson
3406,David Moore
3407,Savannah Simpson
3408,Rachel Terry
3409,Daniel Lee
3410,Rachel Evans
3411,Andrew Burke
3412,Mark Ellison
3413,Elizabeth Brewer
3414,Michael Joyce
3415,Brianna Pierce
3416,Gerald Dorsey
3417,James Moss
3418,John Stephens
3419,Larry Gray
3420,Corey Brandt
3421,Peter Wolf
3422,Leslie Duarte
3423,Nathaniel Reed
3424,Daniel Gray
3425,Kaylee Bailey
3426,Laura Hodge
3427,Anthony Snyder
3428,Erin Espinoza
3429,Darren Wells
3430,Ryan Valencia
3431,Jeremy Williams
3432,Allison Gomez
3433,Ashley Williams
3434,Kyle Rivera
3435,Valerie Thomas
3436,Diamond Medina
3437,Jasmine Clarke
3438,Shawn Knight
3439,Jerry Herrera
3440,Ashley Hess
3441,Amber Hall
3442,Jennifer Lynch
3443,Michael Alvarado
3444,Thomas Adams
3445,Joel Haynes
3446,Angela Hinton
3447,Rachel Morris
3448,Eric Ingram
3449,Gregory Anderson
3450,Jason Pruitt
3451,Arthur Griffin
3452,Justin Turner
3453,Alicia Hawkins
3454,Michael Clarke
3455,Kelly Riley
3456,Elijah Maxwell
3457,Thomas Castillo
3458,Tyler Huynh
3459,Jose Melendez
3460,Eric Barber
3461,Sherry Proctor
3462,Angel Calderon
3463,Devin Wells
3464,Robert Young
3465,Melissa Phillips
3466,Raven Patterson
3467,Stephanie Banks
3468,Edward Jones
3469,Christina Durham
3470,Barry Pena
3471,Michelle Giles
3472,Lisa Randolph
3473,Rebecca Bruce
3474,Stephanie Foster MD
3475,Stacy Contreras
3476,Crystal Diaz
3477,Stacy Ramos
3478,Mariah Murphy
3479,Adam Williams
3480,Samuel Richardson
3481,Brian Chapman
3482,Sharon Davis
3483,William Cruz
3484,Joseph Gomez
3485,Kelly Spencer
3486,Beth Hernandez
3487,Andrew Orozco
3488,Marissa Terrell
3489,Kiara Strickland
3490,Susan Lewis
3491,Emily Allen
3492,Robert Hart
3493,Jennifer Gibson
3494,Leonard Robinson
3495,Katherine Ruiz
3496,Kenneth Howell
3497,Matthew Thornton
3498,Cheryl Williamson
3499,Angela Hudson
3500,Melissa Thompson
3501,Donna Mcclain
3502,Corey Williams
3503,Anna Morales
3504,Jennifer Ruiz
3505,Aaron Ramos
3506,Debbie King
3507,Eric Hoffman
3508,Brian Reese
3509,David Munoz
3510,Lance Lyons
3511,James Rosales
3512,Ann Hunt
3513,Becky Gonzales
3514,Mary Hernandez
3515,Emily Williams
3516,Charles Weeks MD
3517,Randy Poole
3518,Brandon Thomas
3519,Benjamin Hernandez
3520,Samuel Davis
3521,Sheryl Black
3522,Jessica Bennett
3523,Debra Barrera
3524,Deborah Kelley
3525,Ronald Taylor
3526,Tanner Bass
3527,Stephanie Lee
3528,Michael Collins
3529,Cynthia Wiley
3530,Rebecca Rodriguez
3531,Richard Park
3532,Michael Ali
3533,Keith Ho
3534,Gerald Garcia
3535,Jordan Jennings
3536,Maria Gregory
3537,Jacqueline Salinas
3538,Kimberly Jones
3539,Timothy Johnson DDS
3540,Valerie Bailey
3541,Anthony Carrillo
3542,Hannah Jackson
3543,Andrew Flores
3544,Michael Stevens
3545,Sarah Walker
3546,Joseph Vazquez
3547,Lisa Pearson
3548,Justin White
3549,Tyler Lloyd
3550,Amy Nelson
3551,Wanda Adams
3552,Thomas Johnson Jr.
3553,Jimmy Stevens
3554,Tonya Diaz
3555,Mary Gonzalez
3556,Lisa Anderson
3557,Douglas James
3558,Jody Bauer
3559,Sarah Dillon
3560,Trevor Moore
3561,Dale Gilmore
3562,Alan Hicks
3563,Jennifer Craig
3564,Aaron Wilson
3565,Christopher Brennan
3566,Kathryn Adams
3567,Donna Martin
3568,Mrs. Christy Lewis
3569,Mandy Brown
3570,Mr. William Anderson
3571,Joshua Long
3572,Roberta Mcpherson
3573,Nathaniel Hernandez
3574,Sara Martinez
3575,David Snyder
3576,Spencer Crawford
3577,Erica Schmitt
3578,Catherine Hicks
3579,Nicole Frederick
3580,Jacqueline Henry
3581,Antonio Ochoa
3582,Paul Nunez
3583,Matthew Robinson
3584,Lisa Green
3585,Johnny Joyce
3586,Joyce Lyons
3587,Richard Wall
3588,Sara Cook
3589,Melissa Williams
3590,Thomas Bradford
3591,Mark Baker
3592,Susan Roberts
3593,Melissa Vasquez
3594,Karl Jackson
3595,Heidi Burnett
3596,Christopher Weber
3597,Tina Lopez
3598,Kaitlyn Reynolds
3599,Lauren Johnson
3600,Ian Jones
3601,Monica Wells
3602,Nancy Butler
3603,Megan Keith
3604,Kim Gardner
3605,James Dodson
3606,Joseph Roberts
3607,Kelly Spencer
3608,Angela Rowland
3609,Lori Mccarty
3610,Lisa Martin
3611,Michael Obrien
3612,Amanda Vaughan
3613,Karen Graham
3614,Karen Henry
3615,James Wright
3616,Peter Poole
3617,Nancy Robinson
3618,Dawn Evans
3619,Misty Compton
3620,Paul Mckee
3621,Robert Brown
3622,Aaron Cobb DDS
3623,Kathy Smith
3624,Craig Guzman
3625,Sabrina Fisher
3626,Ebony Williams
3627,Kelly Pham
3628,James Reynolds
3629,Russell Blanchard
3630,Theresa Bell
3631,Jasmine King
3632,Jeanette Wilson
3633,Kimberly Fischer
3634,Mrs. Vanessa Bradford DDS
3635,Andrea Hayes
3636,Jessica Cole
3637,Danielle Black
3638,William Greene
3639,Gabriela Kim
3640,Carrie Horton
3641,Jon Lopez
3642,Kimberly Wright
3643,Amanda Williams
3644,Russell Mcdonald
3645,John Dawson
3646,Angela Craig
3647,Alyssa Cherry
3648,Jesse Salinas
3649,William Simmons
3650,Elizabeth Mullins
3651,Mary Fleming
3652,Sara Campbell
3653,Cheryl Johnson
3654,Raymond Schaefer
3655,Linda Robinson
3656,Donald Kelley
3657,Tyler Smith
3658,Seth Black
3659,Deborah Andrews
3660,Doris Schroeder
3661,Shawn Perez
3662,Tyler Carlson
3663,Kevin Woods
3664,Monique Hernandez
3665,Jeffrey Miller
3666,Mary Vargas
3667,Kathy Martinez
3668,Michaela Frank
3669,Laurie Thomas
3670,Michael Douglas DDS
3671,Elizabeth Nguyen
3672,Cassandra Mitchell
3673,Billy Sullivan
3674,Ashley Cooper
3675,Roger Juarez
3676,Brian Dominguez
3677,Barbara Bowen
3678,Kimberly Livingston
3679,Amber Perez
3680,Doris Griffin
3681,Steven Martinez
3682,Benjamin Clark
3683,Dawn Olsen
3684,Jamie Mcknight
3685,Destiny Estes
3686,Mark Garner Jr.
3687,Stephanie Cherry
3688,Sherry Ware
3689,Chad Bray
3690,Ronnie Brandt
3691,Stephen Morris
3692,Dean Byrd
3693,Jo Wallace
3694,Shane Perez
3695,Alexis Navarro
3696,Todd Estrada
3697,Jonathan Robinson
3698,Cody Day
3699,Craig Walker
3700,Austin Adams
3701,Patricia Walker
3702,Kenneth Rhodes
3703,Abigail Myers PhD
3704,Nancy Myers
3705,Linda Perez
3706,Karen Ramirez
3707,Caroline Carey
3708,Daniel Jones
3709,Megan Grant
3710,Vernon Randolph
3711,Shawn Phillips
3712,Angel Roberts
3713,Joseph Erickson
3714,Alejandro Ward
3715,Fred Weaver DDS
3716,Danielle Armstrong MD
3717,Alicia Hines
3718,Keith Manning
3719,Joseph Oconnor
3720,Jeffrey Patterson
3721,Brian Jacobs
3722,Aaron Cooper
3723,Phillip Dixon
3724,Jessica Jones
3725,Stephen Castro
3726,Brian Bennett
3727,Julia Munoz
3728,Stephanie Becker
3729,Brian Jones
3730,Charles Huynh
3731,Austin Wilson
3732,Ruben Valdez
3733,David Lowe
3734,Charles Miller
3735,Andrew Wright
3736,Mary Mathews
3737,Michael Wheeler
3738,Dalton Washington
3739,Randall Brooks
3740,Emily Love
3741,Stuart Bowers
3742,Robert Ellis
3743,Amber Gonzales
3744,Ryan Murray
3745,Stephanie Williams
3746,Susan Nelson
3747,James Larson
3748,Patricia Spencer
3749,Donald Miller
3750,Randall Ruiz
3751,Elizabeth Stevenson
3752,Melissa Anderson
3753,Derek Reese
3754,Amy Patterson
3755,Nathan Johnson
3756,Johnny Hammond
3757,Dale Johnson
3758,Toni Hernandez
3759,Bryan Mccall
3760,Rebekah Morales
3761,Renee Carter
3762,James Sanchez
3763,Christopher Mcintosh
3764,Kari Walker
3765,Craig Martinez
3766,Tina Davis
3767,William Olson
3768,Derek Scott
3769,Mark Garcia
3770,Natasha Ramirez
3771,Paul Valdez
3772,Katelyn Shaw
3773,Christopher Holt
3774,Christopher Crane
3775,Shelia Gross
3776,Mrs. Maria Mccoy
3777,Mr. Ryan Underwood
3778,Jo Nelson
3779,Michelle Powell
3780,Kim Atkins
3781,Joshua Gutierrez
3782,Donna Poole
3783,Jonathan Boyd
3784,Brittany Brown
3785,Heidi Potts
3786,Lisa Oconnor
3787,Pamela Ellis
3788,Cathy James
3789,Troy Curtis
3790,David Griffin
3791,Stephen Olsen
3792,Nathan Miranda
3793,Charles Hernandez
3794,Kayla Munoz
3795,Richard Hayes
3796,Jeffrey Evans
3797,Ronald Shaw
3798,Dean Jordan
3799,Kirk Allen
3800,Jennifer Callahan
3801,Mary Simpson
3802,Andrew Larsen
3803,Laurie Shea
3804,Karen Mitchell
3805,Harold Joseph
3806,Jessica Nguyen
3807,Barbara Carter
3808,David Gonzales
3809,Tyler Novak
3810,Roberto Guerrero
3811,Benjamin Williams
3812,Sherry Evans
3813,Patricia Parker
3814,Mrs. Melissa Brown DDS
3815,John Douglas
3816,Jessica Villanueva
3817,Katie Anderson
3818,Nancy Short
3819,Lauren Solomon
3820,Kimberly Bailey
3821,Jeremy Gentry
3822,Harold Carlson
3823,Derrick Barron
3824,Willie Briggs
3825,Wanda Taylor
3826,Karen Sanders
3827,Shannon Rodriguez
3828,Alec Porter
3829,Ronald Chavez
3830,Darryl Simmons
3831,William Shepard
3832,Matthew Cortez
3833,Jeffrey Parker
3834,Ryan Hoffman
3835,Debra Mahoney
3836,Scott Estrada
3837,Frank Kirk
3838,William Warren
3839,Ryan Zamora
3840,Dustin Lynch
3841,Hannah Ramirez DVM
3842,Robert Hernandez
3843,Zachary Cain
3844,Brian Blevins
3845,Sarah Johnson
3846,Theresa Diaz
3847,Robert Cruz
3848,John Martinez
3849,Michael Santos
3850,Leslie Velez MD
3851,Cassandra Mathews
3852,Daniel Sanchez
3853,Christopher Mayer
3854,Heidi Price
3855,Jessica Duran
3856,Lauren Delacruz
3857,David Perez
3858,Jennifer Myers
3859,Daniel Marquez
3860,John Cochran
3861,Colleen White
3862,Jonathan Pham
3863,Jeremy Nichols
3864,Benjamin Deleon
3865,Michelle Cox
3866,Shannon Dixon
3867,Jason Rodriguez
3868,Amanda Morgan
3869,Charles Roberts
3870,Rebecca Tran
3871,Erin Cline
3872,Larry Perez
3873,Miguel Allen
3874,Christopher Duran
3875,Mrs. Brenda Cooper DVM
3876,Dana Adams
3877,Brittany Cox
3878,Johnny Clay
3879,Eric Reilly
3880,Robert Garcia
3881,Clifford Jones
3882,Timothy Johnson
3883,William Valentine
3884,Levi Ward
3885,Daniel Turner
3886,Kevin Greer
3887,Nicole Palmer
3888,Dustin Robinson
3889,Madison Brown
3890,Kyle Jones
3891,Kelly Joseph
3892,Amber Bailey
3893,Melissa Robertson
3894,Lance Simon
3895,Thomas Mercado
3896,Linda Suarez
3897,Craig Dillon
3898,Kelsey Ellis
3899,Wesley Collins
3900,Peggy Cunningham
3901,Aaron Hudson
3902,Mark Burton
3903,Mary Hill
3904,Jessica Avila
3905,John Anderson
3906,Elizabeth Espinoza
3907,Jeanette Johnson
3908,Chelsea Burgess
3909,Joseph Kelly
3910,Shirley Simpson
3911,Evan Short
3912,Christopher Boyd
3913,Nathan Martin
3914,Veronica Elliott
3915,Deborah Beck
3916,Julie Lopez
3917,Allison Soto
3918,Joseph Hall
3919,Mark Morton
3920,William Wilson
3921,Shannon Walker
3922,Michelle Boyer
3923,Diana Hill PhD
3924,Aaron Coleman
3925,Nicholas Morgan
3926,Briana Williams MD
3927,Jessica Gilbert
3928,Mark Reynolds
3929,Bridget Marquez
3930,Cynthia Garrett
3931,Mike Thompson
3932,Carrie Goodwin
3933,Matthew Griffin
3934,Jennifer Robinson
3935,Fernando Barnes
3936,Kristen Clark
3937,Lisa Oliver
3938,Michael Gray
3939,Jacob Diaz
3940,Paula Wyatt
3941,Jamie Rice
3942,Jacqueline Davis
3943,Eric Williams
3944,Gary Bailey DDS
3945,Michael Parker
3946,Amber Smith
3947,Caroline Martin
3948,Aaron Russell
3949,Matthew Edwards
3950,Jeffrey Patton
3951,Dominique Johnson
3952,Nathan Perry
3953,Manuel Mccarthy
3954,Joseph Carter
3955,Miranda Paul
3956,Robert Harrington
3957,Daniel White
3958,Samantha Anderson
3959,Molly Johnson
3960,Shannon Dean
3961,Michael Peterson
3962,Nicholas Brown
3963,Jennifer Parker
3964,Amy Martin
3965,Julie Daniel
3966,Martha Morton
3967,Shane Flores
3968,John Wright
3969,Rachel Hammond
3970,Kelly Roberts
3971,Danielle Bender
3972,Karen Martinez
3973,John Oliver
3974,Jacqueline Watts
3975,Tina Sexton
3976,Justin Ramirez
3977,John Miles
3978,Joshua Morris
3979,Antonio Johnson
3980,Andrea Freeman
3981,Lindsey Villegas
3982,Michael Rodgers
3983,Timothy Allison
3984,Alison Howard
3985,Amber Kennedy
3986,Darrell Mitchell
3987,Andrew Smith
3988,Sean James
3989,Ashley Duffy
3990,Jason Meyer
3991,Elizabeth Vaughn
3992,Tyler Brown
3993,Tanner Harvey
3994,Victor Pennington
3995,Jay Gregory
3996,Sarah Butler
3997,Cody Gross
3998,Carol Gomez
3999,Todd Johnson
4000,Allen Brown
4001,Kristina Gamble
4002,Paul Rose
4003,Joseph Edwards
4004,Hannah Flynn
4005,Cory Brown
4006,Brittany Moore
4007,Summer Cardenas
4008,Meagan Braun
4009,Brandy Bradley
4010,Rachel Martinez
4011,Seth Green
4012,Melissa Rhodes
4013,Sarah Riley
4014,Sara Robinson
4015,Aaron Rios
4016,Charles Davidson
4017,Natalie Thomas
4018,Dr. Bradley Munoz
4019,Ashley Collins
4020,Christopher Jones Jr.
4021,Isaiah Mccann
4022,Amy Miller
4023,Peter Thomas
4024,Cynthia Wallace
4025,Carly Gallagher
4026,Loretta Wilcox
4027,Barbara Cook
4028,Miranda Mcdaniel
4029,Steven Gates
4030,Shelby Cook
4031,Jennifer Benson
4032,Stephen Moore
4033,Eric Sanders
4034,Dr. Rachel Nelson
4035,Rebecca Murphy
4036,James Baird
4037,Austin Kirk
4038,James Phillips
4039,Carla Scott
4040,Mary Ballard
4041,Joanna Simpson
4042,Noah Hunter
4043,Laurie Booth
4044,John Perez
4045,James Christensen
4046,David Cisneros
4047,John Baker
4048,Richard Cummings
4049,Kimberly Clark
4050,Jean Maddox
4051,Allison Armstrong
4052,Tracy Brooks
4053,Joshua Wise
4054,Justin Bradley
4055,Rachael Fletcher
4056,Karen Harris
4057,Jacqueline English
4058,Alexis Warner
4059,Kevin Proctor
4060,Jonathan Mendez
4061,Natasha Harrison
4062,Jason Walsh
4063,Michael Gates
4064,Heather Eaton
4065,Christopher Holmes
4066,Sylvia Pruitt
4067,James Gonzalez
4068,Holly Smith
4069,Gary Gregory
4070,Amy Shaffer
4071,Roy Montgomery
4072,Melinda Powell
4073,Timothy Bautista
4074,Jennifer Davis
4075,Courtney Scott
4076,Brandy Mcbride
4077,David Wright
4078,Mario Vance
4079,Steven Austin
4080,Stacy Bond
4081,Jeffrey Hogan
4082,Jean Wilson
4083,Johnathan Hernandez
4084,Emily Robles
4085,Kayla Obrien
4086,Edward Jones
4087,Billy Diaz
4088,Jimmy Clay
4089,Mary Wheeler
4090,Jenny Anderson
4091,Jennifer Dickerson
4092,Dawn Green
4093,Nancy Thompson
4094,Brad Cameron
4095,Kristen Wilson
4096,David Kennedy
4097,Terri Underwood
4098,Angela Jordan
4099,Robert Guerrero
4100,Matthew Summers
4101,Chad Mendez
4102,Trevor Waters
4103,Wayne Spencer
4104,Mark Reed
4105,Joseph Mcguire
4106,Angela Miller
4107,Monica Jimenez
4108,Damon Cox
4109,Michelle Robinson
4110,Roger Cochran
4111,Albert Cervantes
4112,Nicole Wilson
4113,Randy Luna
4114,Michelle Mejia
4115,Brian Pearson
4116,Rachel Cabrera
4117,Mr. Gordon Jackson
4118,Oscar Thomas
4119,Rachel Young
4120,Manuel Garrett
4121,Scott Deleon
4122,Stefanie Lam
4123,Stephen Hall
4124,Melissa Guzman
4125,David Warren
4126,Joseph Lopez
4127,Christopher Lyons
4128,Christian Navarro
4129,Donald Pruitt
4130,Richard Lee
4131,Sharon Blanchard
4132,Anthony Ingram
4133,Dylan Williams
4134,Kenneth Williams
4135,Amanda Cook
4136,Angie Harris
4137,Aaron Brown
4138,Derrick Davis
4139,Robert Stewart
4140,Melissa Chase
4141,Mark Jones
4142,Jason Dixon
4143,Austin Johnson
4144,Patricia Luna
4145,Caleb Anderson
4146,Steven Abbott
4147,Michael Wilson
4148,Theodore Gray
4149,Ashley Gomez
4150,Robert Santiago
4151,Jermaine Baker
4152,Cory Moreno DVM
4153,Hannah Hicks
4154,Bruce Campbell
4155,Angela Hernandez
4156,James Montgomery
4157,Caroline Velasquez
4158,Molly Allen
4159,Brian Sanchez
4160,Alexander Johnson
4161,Anna Garcia
4162,Holly Lewis
4163,Stephanie Young
4164,Alexandra Waters
4165,Stephanie West
4166,Mary Johnson
4167,Andrew Patterson
4168,Suzanne Cunningham
4169,Tommy Lopez
4170,Kevin Anderson
4171,Nicole Goodman
4172,Jamie Leonard
4173,Brenda Johnson
4174,Thomas Banks
4175,Bryce Cobb
4176,Clayton Dean
4177,Shannon Cox
4178,Timothy Chen
4179,Timothy Patel
4180,Michael Cardenas
4181,Robert Young
4182,Sarah Duke
4183,Natasha Williams
4184,Amber Schmidt
4185,Theresa Young
4186,Renee Green
4187,Kelly Stanley
4188,Robert Price
4189,Ashley Grant
4190,Jaime Perez
4191,Joseph Richardson
4192,Barry Ferguson
4193,Kelly Ritter
4194,Tracey Rodriguez
4195,Natalie Chan
4196,Ricky Frazier
4197,Jennifer Ward
4198,Aaron Robinson
4199,Christine Clark
4200,Christopher Jackson
4201,Luis Pittman
4202,Crystal Johnson
4203,Krystal Carlson
4204,Laura Sandoval
4205,Rebecca Travis
4206,Susan Duffy
4207,Karen Dixon
4208,Mrs. Rebecca Jackson
4209,Elizabeth Moody
4210,Alex Cox
4211,Nathan Parker
4212,Mrs. Jessica Jones
4213,Brett Adams
4214,Samuel Patterson
4215,Pamela Mayo
4216,Brittney Evans
4217,Susan Wells
4218,Terry Middleton
4219,Eric Olson
4220,Jessica Grant
4221,Arthur Jackson
4222,Jeff Goodwin
4223,Sandra Nguyen
4224,Daniel Floyd
4225,Patricia Wright
4226,Dawn Hayes
4227,Jennifer Mendoza
4228,Matthew Adams
4229,Miss Angela Daniel
4230,Dr. Joseph Ruiz
4231,Jeffery Hill
4232,Natalie Rodriguez
4233,Robert Ruiz
4234,Lindsey Thomas
4235,Jennifer Bartlett
4236,Laura Wolfe
4237,Nancy Clark
4238,Cassandra Grimes
4239,Erik Smith
4240,Melissa Jimenez
4241,Corey Allison
4242,Alex Greene
4243,Sandra Wilson
4244,Kelly Faulkner
4245,Kimberly Wright
4246,Cynthia Jones
4247,Gina Butler
4248,Sara Mccarthy
4249,Robert Davis
4250,Penny Horton
4251,Eric Rios
4252,Susan Brady
4253,Gregory Meadows
4254,Kayla Pearson MD
4255,Anthony Sharp
4256,Ivan Moon
4257,William Martinez
4258,Wanda Garner MD
4259,Jared Booth
4260,Joseph Martin
4261,Michael Ewing
4262,Christian Robertson
4263,Laurie Reed
4264,Tammy Gibbs
4265,Ronnie Hull
4266,Michael Benitez
4267,Travis Smith
4268,Matthew Brooks
4269,Angela Rodgers
4270,Michelle Humphrey
4271,Jillian Coffey
4272,Evan Sullivan
4273,Jerry Johnson
4274,Joseph James
4275,Deanna Hayden
4276,Angela Fisher
4277,Nathan Evans
4278,Timothy Hanna DVM
4279,Keith Sanders
4280,Karen Holmes
4281,Roy Pacheco
4282,Cassandra Wolf
4283,Alexander Mitchell
4284,Ruth Beck
4285,Edward Meza
4286,James Dorsey
4287,Robert Gonzalez
4288,Kelly Luna
4289,Dorothy Kerr
4290,Hannah Murray
4291,Thomas Swanson
4292,Kelli Peck
4293,Michael Giles
4294,Tracey Stark
4295,Chelsea Rice
4296,Stephen Stevens
4297,Troy Collins
4298,Denise Chen
4299,Jesse Fuller
4300,Steven Welch
4301,Diane Fisher
4302,Stephanie Mendoza
4303,Wendy Moore
4304,Lisa Joseph
4305,Leah Schwartz
4306,Michael Powers
4307,Candice Wise
4308,Christian Horn
4309,Jason Smith
4310,Jennifer Harvey
4311,Tina Lopez
4312,Katherine Ayers
4313,Ashley Wheeler
4314,Julie Nichols
4315,Mrs. Amy Taylor
4316,Sara Moore
4317,Shari Benson
4318,Anita Hamilton
4319,Carmen Bates
4320,Peter Cook
4321,Thomas Santiago
4322,Brooke Rodriguez
4323,Eric Clark
4324,William Ortiz
4325,Adam Banks
4326,Jason Reed
4327,Martha Mays MD
4328,Sharon Poole
4329,Tyler Garrett
4330,Donna Harris
4331,Mrs. Erica Richard MD
4332,John Mcdonald
4333,David Campbell
4334,Dr. Eric Leonard DVM
4335,Steven Heath
4336,Jeffrey Morrow
4337,Amanda Mcpherson
4338,Erin Fuller
4339,Jesse Mcdaniel
4340,Cameron Williams
4341,Carrie Leon
4342,Elizabeth Perry
4343,Mary Reyes
4344,Valerie Wilson
4345,Jerome Arnold DDS
4346,Carly Hunt
4347,James Thomas
4348,Cindy Poole
4349,Amanda Peters
4350,Laura Thomas
4351,Alfred Leach
4352,Amanda Beard
4353,Shawn Schneider
4354,Robert Smith
4355,Sandra Sanchez
4356,Debra Martinez
4357,Hunter Pace
4358,Jessica Cook
4359,Kimberly Noble
4360,Matthew Anderson
4361,Joanne Morris
4362,Melissa Collins
4363,Sarah Potter
4364,David Summers
4365,Christopher Collins
4366,Madison Patterson
4367,John Alvarez
4368,Chad Wood
4369,David Martinez
4370,Anthony Gregory
4371,Edward Vazquez
4372,Bailey Blevins
4373,Tina Rasmussen
4374,Kelly Torres
4375,Taylor Garner
4376,Rebekah Ibarra
4377,Gerald Wolfe
4378,Brianna Flores
4379,Adam Frank
4380,Alan Mcfarland
4381,Rachel Schmidt
4382,David Kidd
4383,Laurie Leon
4384,Mary Jones
4385,John Hines
4386,Thomas Rodgers
4387,Gabriela Griffith
4388,Carol Lee
4389,Marvin Roy
4390,Reginald Garcia
4391,Joseph Shaw
4392,Brian Adams
4393,Ryan Finley
4394,Cheryl Carroll
4395,Jonathan Hardy
4396,Adam Green
4397,Jordan Dennis
4398,Cheryl Davenport
4399,Aaron Wilkinson
4400,Rebecca Rodriguez
4401,Anne Galvan
4402,Melissa Thompson
4403,Dean Kelly
4404,Calvin Rodriguez
4405,Grant Knight
4406,Samantha Rivera
4407,Dan Rojas
4408,Katherine Gillespie
4409,Gregory Calderon
4410,Paul Brennan
4411,Jeffrey Barnett
4412,Patrick Lindsey
4413,Dr. Joseph Anderson
4414,Dawn Johnson
4415,Edward Johnson
4416,Barbara Rosales
4417,Brooke Wu
4418,Christina Bryant
4419,Felicia Gill MD
4420,Jerry Anderson
4421,Alexis Jackson
4422,Mrs. Nicole Booth
4423,Andrea Wells
4424,Renee Rogers
4425,Brian Harris
4426,Mary Meyer
4427,Gabrielle Payne
4428,Susan Hodges
4429,Elizabeth Faulkner
4430,Lisa Carroll
4431,James Floyd
4432,Vincent Lee
4433,Brandy Barton
4434,Miranda Arias
4435,Taylor York
4436,Michael Pitts
4437,Lawrence Dennis
4438,Frank Rosario
4439,Kathleen Maxwell
4440,Christopher Martin
4441,Lauren Moore
4442,John Ramsey
4443,Jessica Velazquez
4444,David Weaver
4445,Debra Garrett
4446,Daniel Jones
4447,Mary Macias
4448,Lisa Vaughn
4449,William Joseph
4450,Anthony Hill
4451,Thomas Anderson
4452,Julie Calhoun PhD
4453,Michele Patrick
4454,Richard Goodman
4455,Carrie Wiggins
4456,Robert Stone
4457,Alexandra Thompson
4458,Megan Crane
4459,Craig Powell
4460,James Rush
4461,Tanya Richmond
4462,Sandra Parrish
4463,Willie Powell
4464,Rebecca Wilson
4465,Victor Clarke
4466,Richard Henry
4467,Andrew King
4468,Michael Thompson
4469,Sarah Davis
4470,Lauren Myers
4471,Judith Holland
4472,Jean Brown
4473,Gary Stone
4474,Allison Bowen
4475,Michelle Tucker
4476,Anthony Reyes
4477,William Wright
4478,Samantha Martinez
4479,Cody Solis
4480,Monique Rosales
4481,Christopher Werner
4482,Lauren Campbell
4483,Melissa Glenn
4484,Paula Myers
4485,Marisa Shaw
4486,Sharon Kelly
4487,Douglas Collier
4488,Gabriel Crawford
4489,David Wright DDS
4490,Amy Blanchard
4491,Lauren Silva
4492,Edward Goodman
4493,Danielle Lowe
4494,Emily Ramos
4495,Tamara Phillips
4496,Sarah Bush
4497,Lucas Durham
4498,Kimberly Esparza
4499,David Collins
4500,Richard Zamora
4501,Justin Jackson
4502,Julie Ramos
4503,Cole Bray
4504,Derek Gordon
4505,Kevin Khan
4506,Kirk Rios
4507,Ronnie Chapman
4508,Harry Hudson
4509,Sean Allen
4510,Rhonda Morales
4511,Amber Jones
4512,Charles Henderson
4513,Mrs. Jessica Parker
4514,James Walters
4515,Thomas Solis
4516,Corey Wright
4517,Alyssa Williams
4518,Travis Torres
4519,Keith Thomas
4520,Amanda Stevenson
4521,David Chapman
4522,Monica Green
4523,Heather Zhang
4524,Brittney Sanchez
4525,Katrina Sanchez
4526,Lori Ware
4527,Susan Watts
4528,Amanda Walters
4529,Katherine Flores
4530,Anne Bell
4531,Mrs. Judy Singleton
4532,Jonathan Day
4533,Barry Howell
4534,Shannon King
4535,Donna Walker
4536,Amanda Patterson
4537,Scott Huff
4538,Caleb Williams
4539,Crystal Brady
4540,Stephen Briggs
4541,Jennifer Williams
4542,Shannon Gallagher
4543,Elizabeth Farrell
4544,Kathleen Davis
4545,Crystal Nielsen
4546,Emily Wilkins
4547,Justin Morris
4548,Marcus Sanchez
4549,Michelle Coleman
4550,Heather Farrell
4551,Pamela Mathis
4552,Kathryn Peters
4553,Mary Middleton
4554,Matthew Williams
4555,Elizabeth Sosa
4556,Christine George
4557,William Gray
4558,Stacy Bernard
4559,Janice Walker
4560,Ronald Campos
4561,Meredith Barrera
4562,Amy Saunders
4563,Wesley Meza
4564,Sally Tanner
4565,Steven Brewer
4566,Donna Phelps
4567,Chad Jackson
4568,David Thomas
4569,Joel Henson
4570,Douglas Shelton
4571,Kyle Pennington
4572,Nicholas Wilson
4573,Gary Johnson
4574,Eric Weber
4575,Derrick Henderson
4576,Kevin Boyer
4577,Justin Andrade
4578,Adrian Mcdaniel
4579,Ellen Harding
4580,Dawn Vargas
4581,Sarah Miller
4582,Jacob Spencer
4583,Sarah Rhodes
4584,Stephanie Sanders
4585,Ethan Brown
4586,Yolanda Ramos
4587,Gregory Nelson
4588,Matthew Long
4589,Stephen Johns
4590,Alisha Clarke
4591,James Olson
4592,Robert Thomas
4593,Melinda Riddle
4594,Karen Nolan
4595,Daniel Richardson
4596,Willie Ortiz
4597,Jack Douglas
4598,Kimberly Shea
4599,Cheryl Rojas
4600,Jennifer Cooper
4601,Kevin Woods
4602,Kathleen Rice
4603,Stacey Estrada MD
4604,Kevin Perez
4605,Kristin Campos
4606,Andrew Pittman
4607,Anthony Strong
4608,Lauren Murphy
4609,Amy Taylor
4610,Dr. Olivia Lopez
4611,Kelly Gill
4612,Michael Robinson
4613,Cynthia Lawrence
4614,Robert Collier
4615,Monique Mason
4616,Ryan Stephens
4617,Darrell Acevedo
4618,Haley Lewis
4619,Margaret Phillips PhD
4620,Cathy Mclean
4621,Robert Reyes
4622,Jonathan Ray
4623,Patricia Rodgers
4624,Scott Melendez
4625,Brandy Hamilton
4626,Kenneth Page
4627,Diane Reyes
4628,Shane Mendoza
4629,Trevor Landry
4630,Barry Ayers
4631,Beth Brandt
4632,Ronald Hill
4633,Sara Jones
4634,Stephanie Woods
4635,Ashley Robinson
4636,Andrea Jones
4637,Thomas Brown
4638,John Welch
4639,Michelle Bryant
4640,Michael Crawford
4641,Keith Figueroa
4642,Lindsay Levine
4643,Jaime Brown
4644,Mary Sanchez
4645,Jay Davis
4646,Kyle Grant
4647,Seth English
4648,Michelle Thomas
4649,Brenda Gordon
4650,Christine Fletcher
4651,Nicholas Garrett
4652,Katrina Stevens
4653,Chloe Baker
4654,Sherri Pope
4655,Alexandra Flores
4656,Amanda Skinner
4657,Katherine Macdonald
4658,Kyle Wheeler
4659,Ronnie Soto
4660,James Cooper
4661,Todd Johnston
4662,Alexis Shaffer
4663,Jacob Williams
4664,James Brown
4665,Robert Gomez
4666,Barbara Brown
4667,Emma Clark
4668,Jennifer Ferguson
4669,Heather Abbott
4670,Brittany Hunt
4671,Nicole Levy
4672,Katherine Bowen
4673,Andre Raymond
4674,Nancy Landry
4675,Michael Nielsen
4676,Matthew Henry
4677,William Nichols
4678,Mrs. Rebekah Kelley
4679,Jane Rogers
4680,Gregory Olsen
4681,Joshua Payne
4682,Kristine Wilson
4683,Mallory Davis
4684,Eric Reyes
4685,Kenneth Andrade
4686,Penny Lewis
4687,Wayne Rose
4688,Evelyn Jimenez
4689,Kimberly Donovan
4690,Austin Yang
4691,Maria Kirby
4692,Richard Wall
4693,Ashley Johnson
4694,Connie Shaw
4695,Hannah Sanders
4696,Dakota Hall
4697,Kayla Rose
4698,Heather Webb
4699,Tony Mcintyre
4700,Sara Cook
4701,Laura Boyd
4702,Christopher Mitchell
4703,Olivia Phelps
4704,John Lindsey
4705,Jessica Weaver
4706,Janet Mcclain
4707,Eric Gordon
4708,Nicole Chavez
4709,Penny Martin
4710,Gavin Meyer
4711,Evan Sanchez
4712,James Adams
4713,Amanda Harris
4714,Andrea Rivera
4715,Michael Carter
4716,Victoria Johnson
4717,Jacob Baker
4718,Timothy Perkins
4719,Mr. Daniel Johnson
4720,Elaine Lee
4721,Scott Carrillo
4722,Mr. Christopher Garcia
4723,Rachel Simmons
4724,John Hansen
4725,Richard Meyer
4726,Evan Ellis
4727,Bradley Tate
4728,Sara Johnson
4729,Christopher Bowers
4730,Bradley Evans
4731,Trevor Smith
4732,Katie Norman
4733,Gary Barrett
4734,Krystal Walton
4735,David Robbins
4736,Bruce Campbell
4737,James Allen
4738,Crystal Patel
4739,Christina Mora
4740,Courtney Garza
4741,Robert Williams
4742,Travis Meyer DDS
4743,Mrs. Hannah Everett DDS
4744,Donna Blankenship
4745,Tammy Andrade
4746,James Carroll
4747,Omar Jones
4748,Amy Marshall
4749,Christopher Rasmussen
4750,Brooke Barnes
4751,Michael Turner
4752,Andrew Strong
4753,Joseph Rodgers
4754,Mary Dean
4755,Ashley Newman
4756,Kendra Kirby
4757,Michelle Smith
4758,Donald White
4759,Brian Lopez
4760,Kenneth Martinez
4761,Patricia Mason
4762,Andrea Cameron
4763,Emily Mcbride
4764,Tammy Ferrell
4765,Jasmine Anderson
4766,Jill Roberts
4767,Savannah Williams
4768,Rhonda Aguilar
4769,James Moore
4770,Carlos Pham
4771,Brian Dyer
4772,Amber Barrera
4773,Renee Thompson
4774,Raymond Nelson
4775,Chelsea Watts
4776,Jessica Burns
4777,Brandon Lyons
4778,Melissa Cervantes
4779,Robin Chapman
4780,George Long
4781,Michelle Bowers
4782,Kayla Smith
4783,Mr. Terry Garcia
4784,Caleb Bryant
4785,Mr. Troy Mata Jr.
4786,Aaron Baldwin
4787,Jennifer Moore
4788,Amanda Lee
4789,Lisa Gilmore
4790,Nicholas Atkins
4791,Gene Wiggins
4792,Rachel Hanna
4793,Adrian Martinez
4794,Anita Zimmerman
4795,Kenneth Manning
4796,Jaime Jordan
4797,Kevin Shepard
4798,Bryan Davis
4799,Michele Barnes
4800,Michael Haynes DDS
4801,Shannon White
4802,Terry Grant
4803,Jason Mccall
4804,Darren Mcguire
4805,Christine Stein MD
4806,Kenneth Ruiz
4807,Nicole Conner
4808,Katherine Walker
4809,Robert Tran
4810,Michele Cook
4811,Cole Garrett
4812,Michael Barnes
4813,Nicole Fisher
4814,Joshua Hess
4815,Carol Thornton
4816,Troy Tran
4817,Kelly Garcia
4818,Kathleen White
4819,Kelly Perez
4820,Bailey Torres
4821,Levi Williams
4822,Elizabeth Castillo
4823,Jeffrey Watson
4824,Christopher Elliott
4825,Dana Richardson
4826,Jeffery Bernard
4827,Adriana Martinez
4828,Michael Pratt
4829,Lisa Wilkinson
4830,Tina Hamilton MD
4831,Joel Matthews
4832,Misty Mejia
4833,Kevin Schroeder
4834,Vicki Johnson
4835,David Contreras
4836,Dennis Gutierrez
4837,Erika Andrews
4838,Cory Fox
4839,Carla Wilson
4840,Michael Harper
4841,Roy Holloway
4842,Michelle Ho
4843,Jessica Pitts
4844,Tommy Owens
4845,Harold Lopez
4846,Teresa Carter
4847,Emily Smith
4848,Amanda Jimenez
4849,Norma Gutierrez
4850,Brandon Scott
4851,Jessica Blackwell
4852,William Andrade
4853,James Gibbs
4854,Joshua Conrad
4855,Alicia Tate
4856,Michael Caldwell
4857,Nancy Warren
4858,Alan Howard
4859,Robert Smith
4860,Hannah Sanders
4861,Jennifer Mcpherson
4862,Melissa King DDS
4863,Paula Gray
4864,Lauren Rowe
4865,Kenneth Singleton
4866,Brett Francis
4867,Mrs. Melissa Russo DDS
4868,Robin Mckenzie
4869,Brian Nunez
4870,Kristin Sanchez
4871,Megan Smith
4872,Scott Spencer
4873,Ruth Smith
4874,George Johnson Jr.
4875,Victor Benson
4876,Michelle Pace
4877,Emily Miller
4878,Cameron Fuller
4879,Kristine Mccoy
4880,Paul Hanson
4881,Sabrina Hays
4882,Joann White
4883,Jennifer Reed
4884,Dylan Mitchell
4885,Dylan Cruz
4886,Rita Barker
4887,Stephanie Fernandez
4888,Colleen Walters
4889,Valerie Coleman
4890,Felicia Maynard
4891,Nicole Perez
4892,Peggy Hunt
4893,Brandon Bray
4894,Joseph Johnson
4895,William Wood
4896,Anita Rios
4897,Philip Owens
4898,Gary Patton
4899,Mr. Michael Mathews
4900,Danielle Hudson
4901,Dawn Taylor
4902,Courtney Rodriguez
4903,Charles Villa
4904,Adriana Lee
4905,Robert Mendez
4906,Crystal Davis
4907,Jared Williams
4908,Amber Brown
4909,Kyle Martin
4910,Elizabeth Hodges
4911,Cindy Reeves
4912,Gregory Banks
4913,Lorraine Benson
4914,Danielle Hernandez
4915,Angela Curtis DDS
4916,Allen Wilson
4917,Karen Cooper
4918,Tracy Porter
4919,Paul Stephenson
4920,Carly Hall
4921,Christopher Gutierrez
4922,Brandy Huang
4923,Stephanie Palmer
4924,Charles Rasmussen
4925,Alan Mitchell
4926,Mrs. Donna Jones
4927,Rhonda Price
4928,Cynthia Lewis
4929,Kenneth Perez
4930,April Garcia
4931,Henry Hawkins
4932,Erika Pearson
4933,Jessica Cruz
4934,Jennifer Salinas
4935,Randy Nelson
4936,Ashley Miller
4937,Jeremiah Jennings
4938,Krystal Johnson
4939,Rose Thompson
4940,Allen Jones
4941,Terry West
4942,Andrew Ibarra
4943,Randy Rios
4944,Robert Porter
4945,Kara Larsen
4946,Tara Mckay
4947,Mark Brady
4948,Wendy Waller
4949,Eric Powell
4950,Ashley Morris
4951,Donald Duncan
4952,Hector Johnson
4953,Mark Cummings
4954,Joshua Logan
4955,Curtis Bowman
4956,Melissa Paul
4957,Christine Moore
4958,Mr. Donald Smith
4959,Ryan Andrews
4960,Brianna Gutierrez
4961,Kyle Davis
4962,Kimberly Parker
4963,Jennifer Bryan
4964,Raven Meyer
4965,Kimberly Harmon
4966,Patrick Golden
4967,Henry Romero
4968,Robert Jennings
4969,Bradley Fisher
4970,Angel Mccormick
4971,Travis Gutierrez
4972,Megan Robinson
4973,Brian Nguyen
4974,Samantha Hernandez
4975,Steven Burns
4976,Anne Allen
4977,Amanda Nelson
4978,Darrell Gilmore
4979,Susan Lawson
4980,Robert Lin
4981,Dr. Lauren Miller
4982,Michael Higgins
4983,Jacob Garrison
4984,Douglas Mcdaniel
4985,Albert Stephens
4986,Karen Turner
4987,Anthony Davis
4988,Tiffany Johnson
4989,Eduardo Banks
4990,Nicholas Gonzalez
4991,Robert Joseph
4992,Kristi Marks
4993,Derrick Mitchell
4994,Sean Rubio
4995,Nancy Olson
4996,Philip Hoffman
4997,John Wright
4998,Emily Martinez
4999,Samantha Reed
5000,Corey Martinez
